 * Serving Flask app 'app'
 * Debug mode: on
[31m[1mWARNING: This is a development server. Do not use it in a production deployment. Use a production WSGI server instead.[0m
 * Running on http://127.0.0.1:5003
[33mPress CTRL+C to quit[0m
 * Restarting with stat
 * Debugger is active!
 * Debugger PIN: 633-624-332
127.0.0.1 - - [22/Apr/2026 21:41:16] "GET /api/market-pulse HTTP/1.1" 200 -
127.0.0.1 - - [22/Apr/2026 21:41:16] "GET /api/countries HTTP/1.1" 200 -
127.0.0.1 - - [22/Apr/2026 21:41:16] "GET /api/cart HTTP/1.1" 200 -
127.0.0.1 - - [22/Apr/2026 21:41:16] "OPTIONS /api/search HTTP/1.1" 200 -
/Users/macbook/.gemini/antigravity/scratch/PETWEB.FINDER/backend/app.py:64: LegacyAPIWarning: The Query.get() method is considered legacy as of the 1.x series of SQLAlchemy and becomes a legacy construct in 2.0. The method is now available as Session.get() (deprecated since: 2.0) (Background on SQLAlchemy 2.0 at: https://sqlalche.me/e/b8d9)
  vendor = Vendor.query.get(p.vendor_id)
127.0.0.1 - - [22/Apr/2026 21:41:16] "POST /api/search HTTP/1.1" 200 -
127.0.0.1 - - [22/Apr/2026 21:42:16] "GET /api/market-pulse HTTP/1.1" 200 -
127.0.0.1 - - [22/Apr/2026 21:42:58] "OPTIONS /api/cart HTTP/1.1" 200 -
127.0.0.1 - - [22/Apr/2026 21:42:58] "[35m[1mPOST /api/cart HTTP/1.1[0m" 201 -
127.0.0.1 - - [22/Apr/2026 21:42:58] "GET /api/cart HTTP/1.1" 200 -
127.0.0.1 - - [22/Apr/2026 21:43:08] "OPTIONS /api/cart HTTP/1.1" 200 -
127.0.0.1 - - [22/Apr/2026 21:43:08] "[35m[1mPOST /api/cart HTTP/1.1[0m" 201 -
127.0.0.1 - - [22/Apr/2026 21:43:08] "GET /api/cart HTTP/1.1" 200 -
127.0.0.1 - - [22/Apr/2026 21:43:13] "OPTIONS /api/cart HTTP/1.1" 200 -
127.0.0.1 - - [22/Apr/2026 21:43:13] "[35m[1mPOST /api/cart HTTP/1.1[0m" 201 -
127.0.0.1 - - [22/Apr/2026 21:43:13] "GET /api/cart HTTP/1.1" 200 -
127.0.0.1 - - [22/Apr/2026 21:43:16] "GET /api/market-pulse HTTP/1.1" 200 -
/Users/macbook/.gemini/antigravity/scratch/PETWEB.FINDER/backend/app.py:179: LegacyAPIWarning: The Query.get() method is considered legacy as of the 1.x series of SQLAlchemy and becomes a legacy construct in 2.0. The method is now available as Session.get() (deprecated since: 2.0) (Background on SQLAlchemy 2.0 at: https://sqlalche.me/e/b8d9)
  p = Product.query.get(item.product_id)
/Users/macbook/.gemini/antigravity/scratch/PETWEB.FINDER/backend/app.py:180: LegacyAPIWarning: The Query.get() method is considered legacy as of the 1.x series of SQLAlchemy and becomes a legacy construct in 2.0. The method is now available as Session.get() (deprecated since: 2.0) (Background on SQLAlchemy 2.0 at: https://sqlalche.me/e/b8d9)
  v = Vendor.query.get(p.vendor_id)
127.0.0.1 - - [22/Apr/2026 21:43:22] "GET /api/cart HTTP/1.1" 200 -
127.0.0.1 - - [22/Apr/2026 21:43:22] "GET /api/optimize HTTP/1.1" 200 -
127.0.0.1 - - [22/Apr/2026 21:43:25] "GET /api/optimize HTTP/1.1" 200 -
127.0.0.1 - - [22/Apr/2026 21:43:25] "GET /api/cart HTTP/1.1" 200 -
127.0.0.1 - - [22/Apr/2026 21:43:25] "GET /api/cart HTTP/1.1" 200 -
127.0.0.1 - - [22/Apr/2026 21:43:25] "GET /api/optimize HTTP/1.1" 200 -
127.0.0.1 - - [22/Apr/2026 21:43:26] "GET /api/cart HTTP/1.1" 200 -
127.0.0.1 - - [22/Apr/2026 21:43:26] "GET /api/optimize HTTP/1.1" 200 -
127.0.0.1 - - [22/Apr/2026 21:43:29] "GET /api/optimize HTTP/1.1" 200 -
127.0.0.1 - - [22/Apr/2026 21:43:29] "GET /api/cart HTTP/1.1" 200 -
127.0.0.1 - - [22/Apr/2026 21:43:45] "GET /api/orders HTTP/1.1" 200 -
127.0.0.1 - - [22/Apr/2026 21:44:16] "GET /api/market-pulse HTTP/1.1" 200 -
127.0.0.1 - - [22/Apr/2026 21:45:16] "GET /api/market-pulse HTTP/1.1" 200 -
127.0.0.1 - - [22/Apr/2026 21:46:16] "GET /api/market-pulse HTTP/1.1" 200 -
127.0.0.1 - - [22/Apr/2026 21:47:16] "GET /api/market-pulse HTTP/1.1" 200 -
127.0.0.1 - - [22/Apr/2026 21:48:16] "GET /api/market-pulse HTTP/1.1" 200 -
127.0.0.1 - - [22/Apr/2026 21:49:16] "GET /api/market-pulse HTTP/1.1" 200 -
127.0.0.1 - - [22/Apr/2026 21:50:16] "GET /api/market-pulse HTTP/1.1" 200 -
127.0.0.1 - - [22/Apr/2026 21:51:16] "GET /api/market-pulse HTTP/1.1" 200 -
127.0.0.1 - - [22/Apr/2026 21:52:15] "GET /api/orders HTTP/1.1" 200 -
127.0.0.1 - - [22/Apr/2026 21:52:16] "GET /api/market-pulse HTTP/1.1" 200 -
127.0.0.1 - - [22/Apr/2026 21:52:16] "GET /api/market-pulse HTTP/1.1" 200 -
127.0.0.1 - - [22/Apr/2026 21:52:16] "GET /api/countries HTTP/1.1" 200 -
127.0.0.1 - - [22/Apr/2026 21:52:16] "GET /api/cart HTTP/1.1" 200 -
127.0.0.1 - - [22/Apr/2026 21:52:19] "GET /api/orders HTTP/1.1" 200 -
127.0.0.1 - - [22/Apr/2026 21:52:20] "GET /api/cart HTTP/1.1" 200 -
127.0.0.1 - - [22/Apr/2026 21:52:20] "GET /api/optimize HTTP/1.1" 200 -
127.0.0.1 - - [22/Apr/2026 21:53:16] "GET /api/market-pulse HTTP/1.1" 200 -
127.0.0.1 - - [22/Apr/2026 21:54:16] "GET /api/market-pulse HTTP/1.1" 200 -
127.0.0.1 - - [22/Apr/2026 21:55:16] "GET /api/market-pulse HTTP/1.1" 200 -
127.0.0.1 - - [22/Apr/2026 21:56:16] "GET /api/market-pulse HTTP/1.1" 200 -
127.0.0.1 - - [22/Apr/2026 21:57:16] "GET /api/market-pulse HTTP/1.1" 200 -
127.0.0.1 - - [22/Apr/2026 21:58:16] "GET /api/market-pulse HTTP/1.1" 200 -
127.0.0.1 - - [22/Apr/2026 21:59:16] "GET /api/market-pulse HTTP/1.1" 200 -
127.0.0.1 - - [22/Apr/2026 22:00:17] "GET /api/market-pulse HTTP/1.1" 200 -
127.0.0.1 - - [22/Apr/2026 22:01:16] "GET /api/market-pulse HTTP/1.1" 200 -
127.0.0.1 - - [22/Apr/2026 22:02:16] "GET /api/market-pulse HTTP/1.1" 200 -
127.0.0.1 - - [22/Apr/2026 22:03:16] "GET /api/market-pulse HTTP/1.1" 200 -
 * Detected change in '/Users/macbook/.gemini/antigravity/scratch/PETWEB.FINDER/backend/models.py', reloading
 * Restarting with stat
 * Debugger is active!
 * Debugger PIN: 633-624-332
127.0.0.1 - - [22/Apr/2026 22:04:16] "GET /api/market-pulse HTTP/1.1" 200 -
 * Detected change in '/Users/macbook/.gemini/antigravity/scratch/PETWEB.FINDER/backend/app.py', reloading
 * Restarting with stat
 * Debugger is active!
 * Debugger PIN: 633-624-332
 * Detected change in '/Users/macbook/.gemini/antigravity/scratch/PETWEB.FINDER/backend/app.py', reloading
 * Restarting with stat
 * Debugger is active!
 * Debugger PIN: 633-624-332
127.0.0.1 - - [22/Apr/2026 22:05:16] "GET /api/market-pulse HTTP/1.1" 200 -
127.0.0.1 - - [22/Apr/2026 22:06:16] "GET /api/market-pulse HTTP/1.1" 200 -
127.0.0.1 - - [22/Apr/2026 22:07:16] "GET /api/market-pulse HTTP/1.1" 200 -
127.0.0.1 - - [22/Apr/2026 22:08:16] "GET /api/market-pulse HTTP/1.1" 200 -
127.0.0.1 - - [22/Apr/2026 22:08:56] "GET /api/market-pulse HTTP/1.1" 200 -
127.0.0.1 - - [22/Apr/2026 22:08:56] "GET /api/countries HTTP/1.1" 200 -
127.0.0.1 - - [22/Apr/2026 22:08:56] "[35m[1mGET /api/cart HTTP/1.1[0m" 500 -
Traceback (most recent call last):
  File "/Library/Frameworks/Python.framework/Versions/3.14/lib/python3.14/site-packages/sqlalchemy/engine/base.py", line 1967, in _exec_single_context
    self.dialect.do_execute(
    ^
  File "/Library/Frameworks/Python.framework/Versions/3.14/lib/python3.14/site-packages/sqlalchemy/engine/default.py", line 952, in do_execute
    cursor.execute(statement, parameters)
    ~~~~~~~~~~~~~~^^^^^^^^^^^^^^^^^^^^^^^
sqlite3.OperationalError: no such column: cart_item.quantity

The above exception was the direct cause of the following exception:

Traceback (most recent call last):
  File "/Library/Frameworks/Python.framework/Versions/3.14/lib/python3.14/site-packages/flask/app.py", line 1536, in __call__
    return self.wsgi_app(environ, start_response)
           ~~~~~~~~~~~~~^^^^^^^^^^^^^^^^^^^^^^^^^
  File "/Library/Frameworks/Python.framework/Versions/3.14/lib/python3.14/site-packages/flask/app.py", line 1514, in wsgi_app
    response = self.handle_exception(e)
  File "/Library/Frameworks/Python.framework/Versions/3.14/lib/python3.14/site-packages/flask_cors/extension.py", line 176, in wrapped_function
    return cors_after_request(app.make_response(f(*args, **kwargs)))
                                                ~^^^^^^^^^^^^^^^^^
  File "/Library/Frameworks/Python.framework/Versions/3.14/lib/python3.14/site-packages/flask/app.py", line 1511, in wsgi_app
    response = self.full_dispatch_request()
  File "/Library/Frameworks/Python.framework/Versions/3.14/lib/python3.14/site-packages/flask/app.py", line 919, in full_dispatch_request
    rv = self.handle_user_exception(e)
  File "/Library/Frameworks/Python.framework/Versions/3.14/lib/python3.14/site-packages/flask_cors/extension.py", line 176, in wrapped_function
    return cors_after_request(app.make_response(f(*args, **kwargs)))
                                                ~^^^^^^^^^^^^^^^^^
  File "/Library/Frameworks/Python.framework/Versions/3.14/lib/python3.14/site-packages/flask/app.py", line 917, in full_dispatch_request
    rv = self.dispatch_request()
  File "/Library/Frameworks/Python.framework/Versions/3.14/lib/python3.14/site-packages/flask/app.py", line 902, in dispatch_request
    return self.ensure_sync(self.view_functions[rule.endpoint])(**view_args)  # type: ignore[no-any-return]
           ~~~~~~~~~~~~~~~~~~~~~~~~~~~~~~~~~~~~~~~~~~~~~~~~~~~~^^^^^^^^^^^^^
  File "/Users/macbook/.gemini/antigravity/scratch/PETWEB.FINDER/backend/app.py", line 82, in get_cart
    items = CartItem.query.order_by(CartItem.added_at.desc()).all()
  File "/Library/Frameworks/Python.framework/Versions/3.14/lib/python3.14/site-packages/sqlalchemy/orm/query.py", line 2704, in all
    return self._iter().all()  # type: ignore
           ~~~~~~~~~~^^
  File "/Library/Frameworks/Python.framework/Versions/3.14/lib/python3.14/site-packages/sqlalchemy/orm/query.py", line 2857, in _iter
    result: Union[ScalarResult[_T], Result[_T]] = self.session.execute(
    
  File "/Library/Frameworks/Python.framework/Versions/3.14/lib/python3.14/site-packages/sqlalchemy/orm/session.py", line 2351, in execute
    return self._execute_internal(
    
  File "/Library/Frameworks/Python.framework/Versions/3.14/lib/python3.14/site-packages/sqlalchemy/orm/session.py", line 2249, in _execute_internal
    result: Result[Any] = compile_state_cls.orm_execute_statement(
    
  File "/Library/Frameworks/Python.framework/Versions/3.14/lib/python3.14/site-packages/sqlalchemy/orm/context.py", line 306, in orm_execute_statement
    result = conn.execute(
    
  File "/Library/Frameworks/Python.framework/Versions/3.14/lib/python3.14/site-packages/sqlalchemy/engine/base.py", line 1419, in execute
    return meth(
    
  File "/Library/Frameworks/Python.framework/Versions/3.14/lib/python3.14/site-packages/sqlalchemy/sql/elements.py", line 527, in _execute_on_connection
    return connection._execute_clauseelement(
    
  File "/Library/Frameworks/Python.framework/Versions/3.14/lib/python3.14/site-packages/sqlalchemy/engine/base.py", line 1641, in _execute_clauseelement
    ret = self._execute_context(
    
  File "/Library/Frameworks/Python.framework/Versions/3.14/lib/python3.14/site-packages/sqlalchemy/engine/base.py", line 1846, in _execute_context
    return self._exec_single_context(
    
  File "/Library/Frameworks/Python.framework/Versions/3.14/lib/python3.14/site-packages/sqlalchemy/engine/base.py", line 1986, in _exec_single_context
    self._handle_dbapi_exception(
    ^
  File "/Library/Frameworks/Python.framework/Versions/3.14/lib/python3.14/site-packages/sqlalchemy/engine/base.py", line 2363, in _handle_dbapi_exception
    raise sqlalchemy_exception.with_traceback(exc_info[2]) from e
  File "/Library/Frameworks/Python.framework/Versions/3.14/lib/python3.14/site-packages/sqlalchemy/engine/base.py", line 1967, in _exec_single_context
    self.dialect.do_execute(
    ^
  File "/Library/Frameworks/Python.framework/Versions/3.14/lib/python3.14/site-packages/sqlalchemy/engine/default.py", line 952, in do_execute
    cursor.execute(statement, parameters)
    ~~~~~~~~~~~~~~^^^^^^^^^^^^^^^^^^^^^^^
sqlalchemy.exc.OperationalError: (sqlite3.OperationalError) no such column: cart_item.quantity
[SQL: SELECT cart_item.id AS cart_item_id, cart_item.product_id AS cart_item_product_id, cart_item.quantity AS cart_item_quantity, cart_item.added_at AS cart_item_added_at 
FROM cart_item ORDER BY cart_item.added_at DESC]
(Background on this error at: https://sqlalche.me/e/20/e3q8)
127.0.0.1 - - [22/Apr/2026 22:09:00] "OPTIONS /api/search HTTP/1.1" 200 -
/Users/macbook/.gemini/antigravity/scratch/PETWEB.FINDER/backend/app.py:64: LegacyAPIWarning: The Query.get() method is considered legacy as of the 1.x series of SQLAlchemy and becomes a legacy construct in 2.0. The method is now available as Session.get() (deprecated since: 2.0) (Background on SQLAlchemy 2.0 at: https://sqlalche.me/e/b8d9)
  vendor = Vendor.query.get(p.vendor_id)
127.0.0.1 - - [22/Apr/2026 22:09:01] "POST /api/search HTTP/1.1" 200 -
127.0.0.1 - - [22/Apr/2026 22:09:36] "OPTIONS /api/cart HTTP/1.1" 200 -
127.0.0.1 - - [22/Apr/2026 22:09:36] "[35m[1mPOST /api/cart HTTP/1.1[0m" 500 -
Traceback (most recent call last):
  File "/Library/Frameworks/Python.framework/Versions/3.14/lib/python3.14/site-packages/sqlalchemy/engine/base.py", line 1967, in _exec_single_context
    self.dialect.do_execute(
    ^
  File "/Library/Frameworks/Python.framework/Versions/3.14/lib/python3.14/site-packages/sqlalchemy/engine/default.py", line 952, in do_execute
    cursor.execute(statement, parameters)
    ~~~~~~~~~~~~~~^^^^^^^^^^^^^^^^^^^^^^^
sqlite3.OperationalError: no such column: cart_item.quantity

The above exception was the direct cause of the following exception:

Traceback (most recent call last):
  File "/Library/Frameworks/Python.framework/Versions/3.14/lib/python3.14/site-packages/flask/app.py", line 1536, in __call__
    return self.wsgi_app(environ, start_response)
           ~~~~~~~~~~~~~^^^^^^^^^^^^^^^^^^^^^^^^^
  File "/Library/Frameworks/Python.framework/Versions/3.14/lib/python3.14/site-packages/flask/app.py", line 1514, in wsgi_app
    response = self.handle_exception(e)
  File "/Library/Frameworks/Python.framework/Versions/3.14/lib/python3.14/site-packages/flask_cors/extension.py", line 176, in wrapped_function
    return cors_after_request(app.make_response(f(*args, **kwargs)))
                                                ~^^^^^^^^^^^^^^^^^
  File "/Library/Frameworks/Python.framework/Versions/3.14/lib/python3.14/site-packages/flask/app.py", line 1511, in wsgi_app
    response = self.full_dispatch_request()
  File "/Library/Frameworks/Python.framework/Versions/3.14/lib/python3.14/site-packages/flask/app.py", line 919, in full_dispatch_request
    rv = self.handle_user_exception(e)
  File "/Library/Frameworks/Python.framework/Versions/3.14/lib/python3.14/site-packages/flask_cors/extension.py", line 176, in wrapped_function
    return cors_after_request(app.make_response(f(*args, **kwargs)))
                                                ~^^^^^^^^^^^^^^^^^
  File "/Library/Frameworks/Python.framework/Versions/3.14/lib/python3.14/site-packages/flask/app.py", line 917, in full_dispatch_request
    rv = self.dispatch_request()
  File "/Library/Frameworks/Python.framework/Versions/3.14/lib/python3.14/site-packages/flask/app.py", line 902, in dispatch_request
    return self.ensure_sync(self.view_functions[rule.endpoint])(**view_args)  # type: ignore[no-any-return]
           ~~~~~~~~~~~~~~~~~~~~~~~~~~~~~~~~~~~~~~~~~~~~~~~~~~~~^^^^^^^^^^^^^
  File "/Users/macbook/.gemini/antigravity/scratch/PETWEB.FINDER/backend/app.py", line 94, in add_to_cart
    existing = CartItem.query.filter_by(product_id=product_id).first()
  File "/Library/Frameworks/Python.framework/Versions/3.14/lib/python3.14/site-packages/sqlalchemy/orm/query.py", line 2759, in first
    return self.limit(1)._iter().first()  # type: ignore
           ~~~~~~~~~~~~~~~~~~~^^
  File "/Library/Frameworks/Python.framework/Versions/3.14/lib/python3.14/site-packages/sqlalchemy/orm/query.py", line 2857, in _iter
    result: Union[ScalarResult[_T], Result[_T]] = self.session.execute(
    
  File "/Library/Frameworks/Python.framework/Versions/3.14/lib/python3.14/site-packages/sqlalchemy/orm/session.py", line 2351, in execute
    return self._execute_internal(
    
  File "/Library/Frameworks/Python.framework/Versions/3.14/lib/python3.14/site-packages/sqlalchemy/orm/session.py", line 2249, in _execute_internal
    result: Result[Any] = compile_state_cls.orm_execute_statement(
    
  File "/Library/Frameworks/Python.framework/Versions/3.14/lib/python3.14/site-packages/sqlalchemy/orm/context.py", line 306, in orm_execute_statement
    result = conn.execute(
    
  File "/Library/Frameworks/Python.framework/Versions/3.14/lib/python3.14/site-packages/sqlalchemy/engine/base.py", line 1419, in execute
    return meth(
    
  File "/Library/Frameworks/Python.framework/Versions/3.14/lib/python3.14/site-packages/sqlalchemy/sql/elements.py", line 527, in _execute_on_connection
    return connection._execute_clauseelement(
    
  File "/Library/Frameworks/Python.framework/Versions/3.14/lib/python3.14/site-packages/sqlalchemy/engine/base.py", line 1641, in _execute_clauseelement
    ret = self._execute_context(
    
  File "/Library/Frameworks/Python.framework/Versions/3.14/lib/python3.14/site-packages/sqlalchemy/engine/base.py", line 1846, in _execute_context
    return self._exec_single_context(
    
  File "/Library/Frameworks/Python.framework/Versions/3.14/lib/python3.14/site-packages/sqlalchemy/engine/base.py", line 1986, in _exec_single_context
    self._handle_dbapi_exception(
    ^
  File "/Library/Frameworks/Python.framework/Versions/3.14/lib/python3.14/site-packages/sqlalchemy/engine/base.py", line 2363, in _handle_dbapi_exception
    raise sqlalchemy_exception.with_traceback(exc_info[2]) from e
  File "/Library/Frameworks/Python.framework/Versions/3.14/lib/python3.14/site-packages/sqlalchemy/engine/base.py", line 1967, in _exec_single_context
    self.dialect.do_execute(
    ^
  File "/Library/Frameworks/Python.framework/Versions/3.14/lib/python3.14/site-packages/sqlalchemy/engine/default.py", line 952, in do_execute
    cursor.execute(statement, parameters)
    ~~~~~~~~~~~~~~^^^^^^^^^^^^^^^^^^^^^^^
sqlalchemy.exc.OperationalError: (sqlite3.OperationalError) no such column: cart_item.quantity
[SQL: SELECT cart_item.id AS cart_item_id, cart_item.product_id AS cart_item_product_id, cart_item.quantity AS cart_item_quantity, cart_item.added_at AS cart_item_added_at 
FROM cart_item 
WHERE cart_item.product_id = ?
 LIMIT ? OFFSET ?]
[parameters: (2, 1, 0)]
(Background on this error at: https://sqlalche.me/e/20/e3q8)
127.0.0.1 - - [22/Apr/2026 22:09:38] "[35m[1mPOST /api/cart HTTP/1.1[0m" 500 -
Traceback (most recent call last):
  File "/Library/Frameworks/Python.framework/Versions/3.14/lib/python3.14/site-packages/sqlalchemy/engine/base.py", line 1967, in _exec_single_context
    self.dialect.do_execute(
    ^
  File "/Library/Frameworks/Python.framework/Versions/3.14/lib/python3.14/site-packages/sqlalchemy/engine/default.py", line 952, in do_execute
    cursor.execute(statement, parameters)
    ~~~~~~~~~~~~~~^^^^^^^^^^^^^^^^^^^^^^^
sqlite3.OperationalError: no such column: cart_item.quantity

The above exception was the direct cause of the following exception:

Traceback (most recent call last):
  File "/Library/Frameworks/Python.framework/Versions/3.14/lib/python3.14/site-packages/flask/app.py", line 1536, in __call__
    return self.wsgi_app(environ, start_response)
           ~~~~~~~~~~~~~^^^^^^^^^^^^^^^^^^^^^^^^^
  File "/Library/Frameworks/Python.framework/Versions/3.14/lib/python3.14/site-packages/flask/app.py", line 1514, in wsgi_app
    response = self.handle_exception(e)
  File "/Library/Frameworks/Python.framework/Versions/3.14/lib/python3.14/site-packages/flask_cors/extension.py", line 176, in wrapped_function
    return cors_after_request(app.make_response(f(*args, **kwargs)))
                                                ~^^^^^^^^^^^^^^^^^
  File "/Library/Frameworks/Python.framework/Versions/3.14/lib/python3.14/site-packages/flask/app.py", line 1511, in wsgi_app
    response = self.full_dispatch_request()
  File "/Library/Frameworks/Python.framework/Versions/3.14/lib/python3.14/site-packages/flask/app.py", line 919, in full_dispatch_request
    rv = self.handle_user_exception(e)
  File "/Library/Frameworks/Python.framework/Versions/3.14/lib/python3.14/site-packages/flask_cors/extension.py", line 176, in wrapped_function
    return cors_after_request(app.make_response(f(*args, **kwargs)))
                                                ~^^^^^^^^^^^^^^^^^
  File "/Library/Frameworks/Python.framework/Versions/3.14/lib/python3.14/site-packages/flask/app.py", line 917, in full_dispatch_request
    rv = self.dispatch_request()
  File "/Library/Frameworks/Python.framework/Versions/3.14/lib/python3.14/site-packages/flask/app.py", line 902, in dispatch_request
    return self.ensure_sync(self.view_functions[rule.endpoint])(**view_args)  # type: ignore[no-any-return]
           ~~~~~~~~~~~~~~~~~~~~~~~~~~~~~~~~~~~~~~~~~~~~~~~~~~~~^^^^^^^^^^^^^
  File "/Users/macbook/.gemini/antigravity/scratch/PETWEB.FINDER/backend/app.py", line 94, in add_to_cart
    existing = CartItem.query.filter_by(product_id=product_id).first()
  File "/Library/Frameworks/Python.framework/Versions/3.14/lib/python3.14/site-packages/sqlalchemy/orm/query.py", line 2759, in first
    return self.limit(1)._iter().first()  # type: ignore
           ~~~~~~~~~~~~~~~~~~~^^
  File "/Library/Frameworks/Python.framework/Versions/3.14/lib/python3.14/site-packages/sqlalchemy/orm/query.py", line 2857, in _iter
    result: Union[ScalarResult[_T], Result[_T]] = self.session.execute(
    
  File "/Library/Frameworks/Python.framework/Versions/3.14/lib/python3.14/site-packages/sqlalchemy/orm/session.py", line 2351, in execute
    return self._execute_internal(
    
  File "/Library/Frameworks/Python.framework/Versions/3.14/lib/python3.14/site-packages/sqlalchemy/orm/session.py", line 2249, in _execute_internal
    result: Result[Any] = compile_state_cls.orm_execute_statement(
    
  File "/Library/Frameworks/Python.framework/Versions/3.14/lib/python3.14/site-packages/sqlalchemy/orm/context.py", line 306, in orm_execute_statement
    result = conn.execute(
    
  File "/Library/Frameworks/Python.framework/Versions/3.14/lib/python3.14/site-packages/sqlalchemy/engine/base.py", line 1419, in execute
    return meth(
    
  File "/Library/Frameworks/Python.framework/Versions/3.14/lib/python3.14/site-packages/sqlalchemy/sql/elements.py", line 527, in _execute_on_connection
    return connection._execute_clauseelement(
    
  File "/Library/Frameworks/Python.framework/Versions/3.14/lib/python3.14/site-packages/sqlalchemy/engine/base.py", line 1641, in _execute_clauseelement
    ret = self._execute_context(
    
  File "/Library/Frameworks/Python.framework/Versions/3.14/lib/python3.14/site-packages/sqlalchemy/engine/base.py", line 1846, in _execute_context
    return self._exec_single_context(
    
  File "/Library/Frameworks/Python.framework/Versions/3.14/lib/python3.14/site-packages/sqlalchemy/engine/base.py", line 1986, in _exec_single_context
    self._handle_dbapi_exception(
    ^
  File "/Library/Frameworks/Python.framework/Versions/3.14/lib/python3.14/site-packages/sqlalchemy/engine/base.py", line 2363, in _handle_dbapi_exception
    raise sqlalchemy_exception.with_traceback(exc_info[2]) from e
  File "/Library/Frameworks/Python.framework/Versions/3.14/lib/python3.14/site-packages/sqlalchemy/engine/base.py", line 1967, in _exec_single_context
    self.dialect.do_execute(
    ^
  File "/Library/Frameworks/Python.framework/Versions/3.14/lib/python3.14/site-packages/sqlalchemy/engine/default.py", line 952, in do_execute
    cursor.execute(statement, parameters)
    ~~~~~~~~~~~~~~^^^^^^^^^^^^^^^^^^^^^^^
sqlalchemy.exc.OperationalError: (sqlite3.OperationalError) no such column: cart_item.quantity
[SQL: SELECT cart_item.id AS cart_item_id, cart_item.product_id AS cart_item_product_id, cart_item.quantity AS cart_item_quantity, cart_item.added_at AS cart_item_added_at 
FROM cart_item 
WHERE cart_item.product_id = ?
 LIMIT ? OFFSET ?]
[parameters: (2, 1, 0)]
(Background on this error at: https://sqlalche.me/e/20/e3q8)
127.0.0.1 - - [22/Apr/2026 22:09:41] "[35m[1mPOST /api/cart HTTP/1.1[0m" 500 -
Traceback (most recent call last):
  File "/Library/Frameworks/Python.framework/Versions/3.14/lib/python3.14/site-packages/sqlalchemy/engine/base.py", line 1967, in _exec_single_context
    self.dialect.do_execute(
    ^
  File "/Library/Frameworks/Python.framework/Versions/3.14/lib/python3.14/site-packages/sqlalchemy/engine/default.py", line 952, in do_execute
    cursor.execute(statement, parameters)
    ~~~~~~~~~~~~~~^^^^^^^^^^^^^^^^^^^^^^^
sqlite3.OperationalError: no such column: cart_item.quantity

The above exception was the direct cause of the following exception:

Traceback (most recent call last):
  File "/Library/Frameworks/Python.framework/Versions/3.14/lib/python3.14/site-packages/flask/app.py", line 1536, in __call__
    return self.wsgi_app(environ, start_response)
           ~~~~~~~~~~~~~^^^^^^^^^^^^^^^^^^^^^^^^^
  File "/Library/Frameworks/Python.framework/Versions/3.14/lib/python3.14/site-packages/flask/app.py", line 1514, in wsgi_app
    response = self.handle_exception(e)
  File "/Library/Frameworks/Python.framework/Versions/3.14/lib/python3.14/site-packages/flask_cors/extension.py", line 176, in wrapped_function
    return cors_after_request(app.make_response(f(*args, **kwargs)))
                                                ~^^^^^^^^^^^^^^^^^
  File "/Library/Frameworks/Python.framework/Versions/3.14/lib/python3.14/site-packages/flask/app.py", line 1511, in wsgi_app
    response = self.full_dispatch_request()
  File "/Library/Frameworks/Python.framework/Versions/3.14/lib/python3.14/site-packages/flask/app.py", line 919, in full_dispatch_request
    rv = self.handle_user_exception(e)
  File "/Library/Frameworks/Python.framework/Versions/3.14/lib/python3.14/site-packages/flask_cors/extension.py", line 176, in wrapped_function
    return cors_after_request(app.make_response(f(*args, **kwargs)))
                                                ~^^^^^^^^^^^^^^^^^
  File "/Library/Frameworks/Python.framework/Versions/3.14/lib/python3.14/site-packages/flask/app.py", line 917, in full_dispatch_request
    rv = self.dispatch_request()
  File "/Library/Frameworks/Python.framework/Versions/3.14/lib/python3.14/site-packages/flask/app.py", line 902, in dispatch_request
    return self.ensure_sync(self.view_functions[rule.endpoint])(**view_args)  # type: ignore[no-any-return]
           ~~~~~~~~~~~~~~~~~~~~~~~~~~~~~~~~~~~~~~~~~~~~~~~~~~~~^^^^^^^^^^^^^
  File "/Users/macbook/.gemini/antigravity/scratch/PETWEB.FINDER/backend/app.py", line 94, in add_to_cart
    existing = CartItem.query.filter_by(product_id=product_id).first()
  File "/Library/Frameworks/Python.framework/Versions/3.14/lib/python3.14/site-packages/sqlalchemy/orm/query.py", line 2759, in first
    return self.limit(1)._iter().first()  # type: ignore
           ~~~~~~~~~~~~~~~~~~~^^
  File "/Library/Frameworks/Python.framework/Versions/3.14/lib/python3.14/site-packages/sqlalchemy/orm/query.py", line 2857, in _iter
    result: Union[ScalarResult[_T], Result[_T]] = self.session.execute(
    
  File "/Library/Frameworks/Python.framework/Versions/3.14/lib/python3.14/site-packages/sqlalchemy/orm/session.py", line 2351, in execute
    return self._execute_internal(
    
  File "/Library/Frameworks/Python.framework/Versions/3.14/lib/python3.14/site-packages/sqlalchemy/orm/session.py", line 2249, in _execute_internal
    result: Result[Any] = compile_state_cls.orm_execute_statement(
    
  File "/Library/Frameworks/Python.framework/Versions/3.14/lib/python3.14/site-packages/sqlalchemy/orm/context.py", line 306, in orm_execute_statement
    result = conn.execute(
    
  File "/Library/Frameworks/Python.framework/Versions/3.14/lib/python3.14/site-packages/sqlalchemy/engine/base.py", line 1419, in execute
    return meth(
    
  File "/Library/Frameworks/Python.framework/Versions/3.14/lib/python3.14/site-packages/sqlalchemy/sql/elements.py", line 527, in _execute_on_connection
    return connection._execute_clauseelement(
    
  File "/Library/Frameworks/Python.framework/Versions/3.14/lib/python3.14/site-packages/sqlalchemy/engine/base.py", line 1641, in _execute_clauseelement
    ret = self._execute_context(
    
  File "/Library/Frameworks/Python.framework/Versions/3.14/lib/python3.14/site-packages/sqlalchemy/engine/base.py", line 1846, in _execute_context
    return self._exec_single_context(
    
  File "/Library/Frameworks/Python.framework/Versions/3.14/lib/python3.14/site-packages/sqlalchemy/engine/base.py", line 1986, in _exec_single_context
    self._handle_dbapi_exception(
    ^
  File "/Library/Frameworks/Python.framework/Versions/3.14/lib/python3.14/site-packages/sqlalchemy/engine/base.py", line 2363, in _handle_dbapi_exception
    raise sqlalchemy_exception.with_traceback(exc_info[2]) from e
  File "/Library/Frameworks/Python.framework/Versions/3.14/lib/python3.14/site-packages/sqlalchemy/engine/base.py", line 1967, in _exec_single_context
    self.dialect.do_execute(
    ^
  File "/Library/Frameworks/Python.framework/Versions/3.14/lib/python3.14/site-packages/sqlalchemy/engine/default.py", line 952, in do_execute
    cursor.execute(statement, parameters)
    ~~~~~~~~~~~~~~^^^^^^^^^^^^^^^^^^^^^^^
sqlalchemy.exc.OperationalError: (sqlite3.OperationalError) no such column: cart_item.quantity
[SQL: SELECT cart_item.id AS cart_item_id, cart_item.product_id AS cart_item_product_id, cart_item.quantity AS cart_item_quantity, cart_item.added_at AS cart_item_added_at 
FROM cart_item 
WHERE cart_item.product_id = ?
 LIMIT ? OFFSET ?]
[parameters: (2, 1, 0)]
(Background on this error at: https://sqlalche.me/e/20/e3q8)
127.0.0.1 - - [22/Apr/2026 22:09:42] "OPTIONS /api/cart HTTP/1.1" 200 -
127.0.0.1 - - [22/Apr/2026 22:09:42] "[35m[1mPOST /api/cart HTTP/1.1[0m" 500 -
Traceback (most recent call last):
  File "/Library/Frameworks/Python.framework/Versions/3.14/lib/python3.14/site-packages/sqlalchemy/engine/base.py", line 1967, in _exec_single_context
    self.dialect.do_execute(
    ^
  File "/Library/Frameworks/Python.framework/Versions/3.14/lib/python3.14/site-packages/sqlalchemy/engine/default.py", line 952, in do_execute
    cursor.execute(statement, parameters)
    ~~~~~~~~~~~~~~^^^^^^^^^^^^^^^^^^^^^^^
sqlite3.OperationalError: no such column: cart_item.quantity

The above exception was the direct cause of the following exception:

Traceback (most recent call last):
  File "/Library/Frameworks/Python.framework/Versions/3.14/lib/python3.14/site-packages/flask/app.py", line 1536, in __call__
    return self.wsgi_app(environ, start_response)
           ~~~~~~~~~~~~~^^^^^^^^^^^^^^^^^^^^^^^^^
  File "/Library/Frameworks/Python.framework/Versions/3.14/lib/python3.14/site-packages/flask/app.py", line 1514, in wsgi_app
    response = self.handle_exception(e)
  File "/Library/Frameworks/Python.framework/Versions/3.14/lib/python3.14/site-packages/flask_cors/extension.py", line 176, in wrapped_function
    return cors_after_request(app.make_response(f(*args, **kwargs)))
                                                ~^^^^^^^^^^^^^^^^^
  File "/Library/Frameworks/Python.framework/Versions/3.14/lib/python3.14/site-packages/flask/app.py", line 1511, in wsgi_app
    response = self.full_dispatch_request()
  File "/Library/Frameworks/Python.framework/Versions/3.14/lib/python3.14/site-packages/flask/app.py", line 919, in full_dispatch_request
    rv = self.handle_user_exception(e)
  File "/Library/Frameworks/Python.framework/Versions/3.14/lib/python3.14/site-packages/flask_cors/extension.py", line 176, in wrapped_function
    return cors_after_request(app.make_response(f(*args, **kwargs)))
                                                ~^^^^^^^^^^^^^^^^^
  File "/Library/Frameworks/Python.framework/Versions/3.14/lib/python3.14/site-packages/flask/app.py", line 917, in full_dispatch_request
    rv = self.dispatch_request()
  File "/Library/Frameworks/Python.framework/Versions/3.14/lib/python3.14/site-packages/flask/app.py", line 902, in dispatch_request
    return self.ensure_sync(self.view_functions[rule.endpoint])(**view_args)  # type: ignore[no-any-return]
           ~~~~~~~~~~~~~~~~~~~~~~~~~~~~~~~~~~~~~~~~~~~~~~~~~~~~^^^^^^^^^^^^^
  File "/Users/macbook/.gemini/antigravity/scratch/PETWEB.FINDER/backend/app.py", line 94, in add_to_cart
    existing = CartItem.query.filter_by(product_id=product_id).first()
  File "/Library/Frameworks/Python.framework/Versions/3.14/lib/python3.14/site-packages/sqlalchemy/orm/query.py", line 2759, in first
    return self.limit(1)._iter().first()  # type: ignore
           ~~~~~~~~~~~~~~~~~~~^^
  File "/Library/Frameworks/Python.framework/Versions/3.14/lib/python3.14/site-packages/sqlalchemy/orm/query.py", line 2857, in _iter
    result: Union[ScalarResult[_T], Result[_T]] = self.session.execute(
    
  File "/Library/Frameworks/Python.framework/Versions/3.14/lib/python3.14/site-packages/sqlalchemy/orm/session.py", line 2351, in execute
    return self._execute_internal(
    
  File "/Library/Frameworks/Python.framework/Versions/3.14/lib/python3.14/site-packages/sqlalchemy/orm/session.py", line 2249, in _execute_internal
    result: Result[Any] = compile_state_cls.orm_execute_statement(
    
  File "/Library/Frameworks/Python.framework/Versions/3.14/lib/python3.14/site-packages/sqlalchemy/orm/context.py", line 306, in orm_execute_statement
    result = conn.execute(
    
  File "/Library/Frameworks/Python.framework/Versions/3.14/lib/python3.14/site-packages/sqlalchemy/engine/base.py", line 1419, in execute
    return meth(
    
  File "/Library/Frameworks/Python.framework/Versions/3.14/lib/python3.14/site-packages/sqlalchemy/sql/elements.py", line 527, in _execute_on_connection
    return connection._execute_clauseelement(
    
  File "/Library/Frameworks/Python.framework/Versions/3.14/lib/python3.14/site-packages/sqlalchemy/engine/base.py", line 1641, in _execute_clauseelement
    ret = self._execute_context(
    
  File "/Library/Frameworks/Python.framework/Versions/3.14/lib/python3.14/site-packages/sqlalchemy/engine/base.py", line 1846, in _execute_context
    return self._exec_single_context(
    
  File "/Library/Frameworks/Python.framework/Versions/3.14/lib/python3.14/site-packages/sqlalchemy/engine/base.py", line 1986, in _exec_single_context
    self._handle_dbapi_exception(
    ^
  File "/Library/Frameworks/Python.framework/Versions/3.14/lib/python3.14/site-packages/sqlalchemy/engine/base.py", line 2363, in _handle_dbapi_exception
    raise sqlalchemy_exception.with_traceback(exc_info[2]) from e
  File "/Library/Frameworks/Python.framework/Versions/3.14/lib/python3.14/site-packages/sqlalchemy/engine/base.py", line 1967, in _exec_single_context
    self.dialect.do_execute(
    ^
  File "/Library/Frameworks/Python.framework/Versions/3.14/lib/python3.14/site-packages/sqlalchemy/engine/default.py", line 952, in do_execute
    cursor.execute(statement, parameters)
    ~~~~~~~~~~~~~~^^^^^^^^^^^^^^^^^^^^^^^
sqlalchemy.exc.OperationalError: (sqlite3.OperationalError) no such column: cart_item.quantity
[SQL: SELECT cart_item.id AS cart_item_id, cart_item.product_id AS cart_item_product_id, cart_item.quantity AS cart_item_quantity, cart_item.added_at AS cart_item_added_at 
FROM cart_item 
WHERE cart_item.product_id = ?
 LIMIT ? OFFSET ?]
[parameters: (2, 1, 0)]
(Background on this error at: https://sqlalche.me/e/20/e3q8)
127.0.0.1 - - [22/Apr/2026 22:09:43] "[35m[1mPOST /api/cart HTTP/1.1[0m" 500 -
Traceback (most recent call last):
  File "/Library/Frameworks/Python.framework/Versions/3.14/lib/python3.14/site-packages/sqlalchemy/engine/base.py", line 1967, in _exec_single_context
    self.dialect.do_execute(
    ^
  File "/Library/Frameworks/Python.framework/Versions/3.14/lib/python3.14/site-packages/sqlalchemy/engine/default.py", line 952, in do_execute
    cursor.execute(statement, parameters)
    ~~~~~~~~~~~~~~^^^^^^^^^^^^^^^^^^^^^^^
sqlite3.OperationalError: no such column: cart_item.quantity

The above exception was the direct cause of the following exception:

Traceback (most recent call last):
  File "/Library/Frameworks/Python.framework/Versions/3.14/lib/python3.14/site-packages/flask/app.py", line 1536, in __call__
    return self.wsgi_app(environ, start_response)
           ~~~~~~~~~~~~~^^^^^^^^^^^^^^^^^^^^^^^^^
  File "/Library/Frameworks/Python.framework/Versions/3.14/lib/python3.14/site-packages/flask/app.py", line 1514, in wsgi_app
    response = self.handle_exception(e)
  File "/Library/Frameworks/Python.framework/Versions/3.14/lib/python3.14/site-packages/flask_cors/extension.py", line 176, in wrapped_function
    return cors_after_request(app.make_response(f(*args, **kwargs)))
                                                ~^^^^^^^^^^^^^^^^^
  File "/Library/Frameworks/Python.framework/Versions/3.14/lib/python3.14/site-packages/flask/app.py", line 1511, in wsgi_app
    response = self.full_dispatch_request()
  File "/Library/Frameworks/Python.framework/Versions/3.14/lib/python3.14/site-packages/flask/app.py", line 919, in full_dispatch_request
    rv = self.handle_user_exception(e)
  File "/Library/Frameworks/Python.framework/Versions/3.14/lib/python3.14/site-packages/flask_cors/extension.py", line 176, in wrapped_function
    return cors_after_request(app.make_response(f(*args, **kwargs)))
                                                ~^^^^^^^^^^^^^^^^^
  File "/Library/Frameworks/Python.framework/Versions/3.14/lib/python3.14/site-packages/flask/app.py", line 917, in full_dispatch_request
    rv = self.dispatch_request()
  File "/Library/Frameworks/Python.framework/Versions/3.14/lib/python3.14/site-packages/flask/app.py", line 902, in dispatch_request
    return self.ensure_sync(self.view_functions[rule.endpoint])(**view_args)  # type: ignore[no-any-return]
           ~~~~~~~~~~~~~~~~~~~~~~~~~~~~~~~~~~~~~~~~~~~~~~~~~~~~^^^^^^^^^^^^^
  File "/Users/macbook/.gemini/antigravity/scratch/PETWEB.FINDER/backend/app.py", line 94, in add_to_cart
    existing = CartItem.query.filter_by(product_id=product_id).first()
  File "/Library/Frameworks/Python.framework/Versions/3.14/lib/python3.14/site-packages/sqlalchemy/orm/query.py", line 2759, in first
    return self.limit(1)._iter().first()  # type: ignore
           ~~~~~~~~~~~~~~~~~~~^^
  File "/Library/Frameworks/Python.framework/Versions/3.14/lib/python3.14/site-packages/sqlalchemy/orm/query.py", line 2857, in _iter
    result: Union[ScalarResult[_T], Result[_T]] = self.session.execute(
    
  File "/Library/Frameworks/Python.framework/Versions/3.14/lib/python3.14/site-packages/sqlalchemy/orm/session.py", line 2351, in execute
    return self._execute_internal(
    
  File "/Library/Frameworks/Python.framework/Versions/3.14/lib/python3.14/site-packages/sqlalchemy/orm/session.py", line 2249, in _execute_internal
    result: Result[Any] = compile_state_cls.orm_execute_statement(
    
  File "/Library/Frameworks/Python.framework/Versions/3.14/lib/python3.14/site-packages/sqlalchemy/orm/context.py", line 306, in orm_execute_statement
    result = conn.execute(
    
  File "/Library/Frameworks/Python.framework/Versions/3.14/lib/python3.14/site-packages/sqlalchemy/engine/base.py", line 1419, in execute
    return meth(
    
  File "/Library/Frameworks/Python.framework/Versions/3.14/lib/python3.14/site-packages/sqlalchemy/sql/elements.py", line 527, in _execute_on_connection
    return connection._execute_clauseelement(
    
  File "/Library/Frameworks/Python.framework/Versions/3.14/lib/python3.14/site-packages/sqlalchemy/engine/base.py", line 1641, in _execute_clauseelement
    ret = self._execute_context(
    
  File "/Library/Frameworks/Python.framework/Versions/3.14/lib/python3.14/site-packages/sqlalchemy/engine/base.py", line 1846, in _execute_context
    return self._exec_single_context(
    
  File "/Library/Frameworks/Python.framework/Versions/3.14/lib/python3.14/site-packages/sqlalchemy/engine/base.py", line 1986, in _exec_single_context
    self._handle_dbapi_exception(
    ^
  File "/Library/Frameworks/Python.framework/Versions/3.14/lib/python3.14/site-packages/sqlalchemy/engine/base.py", line 2363, in _handle_dbapi_exception
    raise sqlalchemy_exception.with_traceback(exc_info[2]) from e
  File "/Library/Frameworks/Python.framework/Versions/3.14/lib/python3.14/site-packages/sqlalchemy/engine/base.py", line 1967, in _exec_single_context
    self.dialect.do_execute(
    ^
  File "/Library/Frameworks/Python.framework/Versions/3.14/lib/python3.14/site-packages/sqlalchemy/engine/default.py", line 952, in do_execute
    cursor.execute(statement, parameters)
    ~~~~~~~~~~~~~~^^^^^^^^^^^^^^^^^^^^^^^
sqlalchemy.exc.OperationalError: (sqlite3.OperationalError) no such column: cart_item.quantity
[SQL: SELECT cart_item.id AS cart_item_id, cart_item.product_id AS cart_item_product_id, cart_item.quantity AS cart_item_quantity, cart_item.added_at AS cart_item_added_at 
FROM cart_item 
WHERE cart_item.product_id = ?
 LIMIT ? OFFSET ?]
[parameters: (2, 1, 0)]
(Background on this error at: https://sqlalche.me/e/20/e3q8)
127.0.0.1 - - [22/Apr/2026 22:09:43] "[35m[1mPOST /api/cart HTTP/1.1[0m" 500 -
Traceback (most recent call last):
  File "/Library/Frameworks/Python.framework/Versions/3.14/lib/python3.14/site-packages/sqlalchemy/engine/base.py", line 1967, in _exec_single_context
    self.dialect.do_execute(
    ^
  File "/Library/Frameworks/Python.framework/Versions/3.14/lib/python3.14/site-packages/sqlalchemy/engine/default.py", line 952, in do_execute
    cursor.execute(statement, parameters)
    ~~~~~~~~~~~~~~^^^^^^^^^^^^^^^^^^^^^^^
sqlite3.OperationalError: no such column: cart_item.quantity

The above exception was the direct cause of the following exception:

Traceback (most recent call last):
  File "/Library/Frameworks/Python.framework/Versions/3.14/lib/python3.14/site-packages/flask/app.py", line 1536, in __call__
    return self.wsgi_app(environ, start_response)
           ~~~~~~~~~~~~~^^^^^^^^^^^^^^^^^^^^^^^^^
  File "/Library/Frameworks/Python.framework/Versions/3.14/lib/python3.14/site-packages/flask/app.py", line 1514, in wsgi_app
    response = self.handle_exception(e)
  File "/Library/Frameworks/Python.framework/Versions/3.14/lib/python3.14/site-packages/flask_cors/extension.py", line 176, in wrapped_function
    return cors_after_request(app.make_response(f(*args, **kwargs)))
                                                ~^^^^^^^^^^^^^^^^^
  File "/Library/Frameworks/Python.framework/Versions/3.14/lib/python3.14/site-packages/flask/app.py", line 1511, in wsgi_app
    response = self.full_dispatch_request()
  File "/Library/Frameworks/Python.framework/Versions/3.14/lib/python3.14/site-packages/flask/app.py", line 919, in full_dispatch_request
    rv = self.handle_user_exception(e)
  File "/Library/Frameworks/Python.framework/Versions/3.14/lib/python3.14/site-packages/flask_cors/extension.py", line 176, in wrapped_function
    return cors_after_request(app.make_response(f(*args, **kwargs)))
                                                ~^^^^^^^^^^^^^^^^^
  File "/Library/Frameworks/Python.framework/Versions/3.14/lib/python3.14/site-packages/flask/app.py", line 917, in full_dispatch_request
    rv = self.dispatch_request()
  File "/Library/Frameworks/Python.framework/Versions/3.14/lib/python3.14/site-packages/flask/app.py", line 902, in dispatch_request
    return self.ensure_sync(self.view_functions[rule.endpoint])(**view_args)  # type: ignore[no-any-return]
           ~~~~~~~~~~~~~~~~~~~~~~~~~~~~~~~~~~~~~~~~~~~~~~~~~~~~^^^^^^^^^^^^^
  File "/Users/macbook/.gemini/antigravity/scratch/PETWEB.FINDER/backend/app.py", line 94, in add_to_cart
    existing = CartItem.query.filter_by(product_id=product_id).first()
  File "/Library/Frameworks/Python.framework/Versions/3.14/lib/python3.14/site-packages/sqlalchemy/orm/query.py", line 2759, in first
    return self.limit(1)._iter().first()  # type: ignore
           ~~~~~~~~~~~~~~~~~~~^^
  File "/Library/Frameworks/Python.framework/Versions/3.14/lib/python3.14/site-packages/sqlalchemy/orm/query.py", line 2857, in _iter
    result: Union[ScalarResult[_T], Result[_T]] = self.session.execute(
    
  File "/Library/Frameworks/Python.framework/Versions/3.14/lib/python3.14/site-packages/sqlalchemy/orm/session.py", line 2351, in execute
    return self._execute_internal(
    
  File "/Library/Frameworks/Python.framework/Versions/3.14/lib/python3.14/site-packages/sqlalchemy/orm/session.py", line 2249, in _execute_internal
    result: Result[Any] = compile_state_cls.orm_execute_statement(
    
  File "/Library/Frameworks/Python.framework/Versions/3.14/lib/python3.14/site-packages/sqlalchemy/orm/context.py", line 306, in orm_execute_statement
    result = conn.execute(
    
  File "/Library/Frameworks/Python.framework/Versions/3.14/lib/python3.14/site-packages/sqlalchemy/engine/base.py", line 1419, in execute
    return meth(
    
  File "/Library/Frameworks/Python.framework/Versions/3.14/lib/python3.14/site-packages/sqlalchemy/sql/elements.py", line 527, in _execute_on_connection
    return connection._execute_clauseelement(
    
  File "/Library/Frameworks/Python.framework/Versions/3.14/lib/python3.14/site-packages/sqlalchemy/engine/base.py", line 1641, in _execute_clauseelement
    ret = self._execute_context(
    
  File "/Library/Frameworks/Python.framework/Versions/3.14/lib/python3.14/site-packages/sqlalchemy/engine/base.py", line 1846, in _execute_context
    return self._exec_single_context(
    
  File "/Library/Frameworks/Python.framework/Versions/3.14/lib/python3.14/site-packages/sqlalchemy/engine/base.py", line 1986, in _exec_single_context
    self._handle_dbapi_exception(
    ^
  File "/Library/Frameworks/Python.framework/Versions/3.14/lib/python3.14/site-packages/sqlalchemy/engine/base.py", line 2363, in _handle_dbapi_exception
    raise sqlalchemy_exception.with_traceback(exc_info[2]) from e
  File "/Library/Frameworks/Python.framework/Versions/3.14/lib/python3.14/site-packages/sqlalchemy/engine/base.py", line 1967, in _exec_single_context
    self.dialect.do_execute(
    ^
  File "/Library/Frameworks/Python.framework/Versions/3.14/lib/python3.14/site-packages/sqlalchemy/engine/default.py", line 952, in do_execute
    cursor.execute(statement, parameters)
    ~~~~~~~~~~~~~~^^^^^^^^^^^^^^^^^^^^^^^
sqlalchemy.exc.OperationalError: (sqlite3.OperationalError) no such column: cart_item.quantity
[SQL: SELECT cart_item.id AS cart_item_id, cart_item.product_id AS cart_item_product_id, cart_item.quantity AS cart_item_quantity, cart_item.added_at AS cart_item_added_at 
FROM cart_item 
WHERE cart_item.product_id = ?
 LIMIT ? OFFSET ?]
[parameters: (2, 1, 0)]
(Background on this error at: https://sqlalche.me/e/20/e3q8)
127.0.0.1 - - [22/Apr/2026 22:09:44] "[35m[1mPOST /api/cart HTTP/1.1[0m" 500 -
Traceback (most recent call last):
  File "/Library/Frameworks/Python.framework/Versions/3.14/lib/python3.14/site-packages/sqlalchemy/engine/base.py", line 1967, in _exec_single_context
    self.dialect.do_execute(
    ^
  File "/Library/Frameworks/Python.framework/Versions/3.14/lib/python3.14/site-packages/sqlalchemy/engine/default.py", line 952, in do_execute
    cursor.execute(statement, parameters)
    ~~~~~~~~~~~~~~^^^^^^^^^^^^^^^^^^^^^^^
sqlite3.OperationalError: no such column: cart_item.quantity

The above exception was the direct cause of the following exception:

Traceback (most recent call last):
  File "/Library/Frameworks/Python.framework/Versions/3.14/lib/python3.14/site-packages/flask/app.py", line 1536, in __call__
    return self.wsgi_app(environ, start_response)
           ~~~~~~~~~~~~~^^^^^^^^^^^^^^^^^^^^^^^^^
  File "/Library/Frameworks/Python.framework/Versions/3.14/lib/python3.14/site-packages/flask/app.py", line 1514, in wsgi_app
    response = self.handle_exception(e)
  File "/Library/Frameworks/Python.framework/Versions/3.14/lib/python3.14/site-packages/flask_cors/extension.py", line 176, in wrapped_function
    return cors_after_request(app.make_response(f(*args, **kwargs)))
                                                ~^^^^^^^^^^^^^^^^^
  File "/Library/Frameworks/Python.framework/Versions/3.14/lib/python3.14/site-packages/flask/app.py", line 1511, in wsgi_app
    response = self.full_dispatch_request()
  File "/Library/Frameworks/Python.framework/Versions/3.14/lib/python3.14/site-packages/flask/app.py", line 919, in full_dispatch_request
    rv = self.handle_user_exception(e)
  File "/Library/Frameworks/Python.framework/Versions/3.14/lib/python3.14/site-packages/flask_cors/extension.py", line 176, in wrapped_function
    return cors_after_request(app.make_response(f(*args, **kwargs)))
                                                ~^^^^^^^^^^^^^^^^^
  File "/Library/Frameworks/Python.framework/Versions/3.14/lib/python3.14/site-packages/flask/app.py", line 917, in full_dispatch_request
    rv = self.dispatch_request()
  File "/Library/Frameworks/Python.framework/Versions/3.14/lib/python3.14/site-packages/flask/app.py", line 902, in dispatch_request
    return self.ensure_sync(self.view_functions[rule.endpoint])(**view_args)  # type: ignore[no-any-return]
           ~~~~~~~~~~~~~~~~~~~~~~~~~~~~~~~~~~~~~~~~~~~~~~~~~~~~^^^^^^^^^^^^^
  File "/Users/macbook/.gemini/antigravity/scratch/PETWEB.FINDER/backend/app.py", line 94, in add_to_cart
    existing = CartItem.query.filter_by(product_id=product_id).first()
  File "/Library/Frameworks/Python.framework/Versions/3.14/lib/python3.14/site-packages/sqlalchemy/orm/query.py", line 2759, in first
    return self.limit(1)._iter().first()  # type: ignore
           ~~~~~~~~~~~~~~~~~~~^^
  File "/Library/Frameworks/Python.framework/Versions/3.14/lib/python3.14/site-packages/sqlalchemy/orm/query.py", line 2857, in _iter
    result: Union[ScalarResult[_T], Result[_T]] = self.session.execute(
    
  File "/Library/Frameworks/Python.framework/Versions/3.14/lib/python3.14/site-packages/sqlalchemy/orm/session.py", line 2351, in execute
    return self._execute_internal(
    
  File "/Library/Frameworks/Python.framework/Versions/3.14/lib/python3.14/site-packages/sqlalchemy/orm/session.py", line 2249, in _execute_internal
    result: Result[Any] = compile_state_cls.orm_execute_statement(
    
  File "/Library/Frameworks/Python.framework/Versions/3.14/lib/python3.14/site-packages/sqlalchemy/orm/context.py", line 306, in orm_execute_statement
    result = conn.execute(
    
  File "/Library/Frameworks/Python.framework/Versions/3.14/lib/python3.14/site-packages/sqlalchemy/engine/base.py", line 1419, in execute
    return meth(
    
  File "/Library/Frameworks/Python.framework/Versions/3.14/lib/python3.14/site-packages/sqlalchemy/sql/elements.py", line 527, in _execute_on_connection
    return connection._execute_clauseelement(
    
  File "/Library/Frameworks/Python.framework/Versions/3.14/lib/python3.14/site-packages/sqlalchemy/engine/base.py", line 1641, in _execute_clauseelement
    ret = self._execute_context(
    
  File "/Library/Frameworks/Python.framework/Versions/3.14/lib/python3.14/site-packages/sqlalchemy/engine/base.py", line 1846, in _execute_context
    return self._exec_single_context(
    
  File "/Library/Frameworks/Python.framework/Versions/3.14/lib/python3.14/site-packages/sqlalchemy/engine/base.py", line 1986, in _exec_single_context
    self._handle_dbapi_exception(
    ^
  File "/Library/Frameworks/Python.framework/Versions/3.14/lib/python3.14/site-packages/sqlalchemy/engine/base.py", line 2363, in _handle_dbapi_exception
    raise sqlalchemy_exception.with_traceback(exc_info[2]) from e
  File "/Library/Frameworks/Python.framework/Versions/3.14/lib/python3.14/site-packages/sqlalchemy/engine/base.py", line 1967, in _exec_single_context
    self.dialect.do_execute(
    ^
  File "/Library/Frameworks/Python.framework/Versions/3.14/lib/python3.14/site-packages/sqlalchemy/engine/default.py", line 952, in do_execute
    cursor.execute(statement, parameters)
    ~~~~~~~~~~~~~~^^^^^^^^^^^^^^^^^^^^^^^
sqlalchemy.exc.OperationalError: (sqlite3.OperationalError) no such column: cart_item.quantity
[SQL: SELECT cart_item.id AS cart_item_id, cart_item.product_id AS cart_item_product_id, cart_item.quantity AS cart_item_quantity, cart_item.added_at AS cart_item_added_at 
FROM cart_item 
WHERE cart_item.product_id = ?
 LIMIT ? OFFSET ?]
[parameters: (2, 1, 0)]
(Background on this error at: https://sqlalche.me/e/20/e3q8)
127.0.0.1 - - [22/Apr/2026 22:09:45] "[35m[1mPOST /api/cart HTTP/1.1[0m" 500 -
Traceback (most recent call last):
  File "/Library/Frameworks/Python.framework/Versions/3.14/lib/python3.14/site-packages/sqlalchemy/engine/base.py", line 1967, in _exec_single_context
    self.dialect.do_execute(
    ^
  File "/Library/Frameworks/Python.framework/Versions/3.14/lib/python3.14/site-packages/sqlalchemy/engine/default.py", line 952, in do_execute
    cursor.execute(statement, parameters)
    ~~~~~~~~~~~~~~^^^^^^^^^^^^^^^^^^^^^^^
sqlite3.OperationalError: no such column: cart_item.quantity

The above exception was the direct cause of the following exception:

Traceback (most recent call last):
  File "/Library/Frameworks/Python.framework/Versions/3.14/lib/python3.14/site-packages/flask/app.py", line 1536, in __call__
    return self.wsgi_app(environ, start_response)
           ~~~~~~~~~~~~~^^^^^^^^^^^^^^^^^^^^^^^^^
  File "/Library/Frameworks/Python.framework/Versions/3.14/lib/python3.14/site-packages/flask/app.py", line 1514, in wsgi_app
    response = self.handle_exception(e)
  File "/Library/Frameworks/Python.framework/Versions/3.14/lib/python3.14/site-packages/flask_cors/extension.py", line 176, in wrapped_function
    return cors_after_request(app.make_response(f(*args, **kwargs)))
                                                ~^^^^^^^^^^^^^^^^^
  File "/Library/Frameworks/Python.framework/Versions/3.14/lib/python3.14/site-packages/flask/app.py", line 1511, in wsgi_app
    response = self.full_dispatch_request()
  File "/Library/Frameworks/Python.framework/Versions/3.14/lib/python3.14/site-packages/flask/app.py", line 919, in full_dispatch_request
    rv = self.handle_user_exception(e)
  File "/Library/Frameworks/Python.framework/Versions/3.14/lib/python3.14/site-packages/flask_cors/extension.py", line 176, in wrapped_function
    return cors_after_request(app.make_response(f(*args, **kwargs)))
                                                ~^^^^^^^^^^^^^^^^^
  File "/Library/Frameworks/Python.framework/Versions/3.14/lib/python3.14/site-packages/flask/app.py", line 917, in full_dispatch_request
    rv = self.dispatch_request()
  File "/Library/Frameworks/Python.framework/Versions/3.14/lib/python3.14/site-packages/flask/app.py", line 902, in dispatch_request
    return self.ensure_sync(self.view_functions[rule.endpoint])(**view_args)  # type: ignore[no-any-return]
           ~~~~~~~~~~~~~~~~~~~~~~~~~~~~~~~~~~~~~~~~~~~~~~~~~~~~^^^^^^^^^^^^^
  File "/Users/macbook/.gemini/antigravity/scratch/PETWEB.FINDER/backend/app.py", line 94, in add_to_cart
    existing = CartItem.query.filter_by(product_id=product_id).first()
  File "/Library/Frameworks/Python.framework/Versions/3.14/lib/python3.14/site-packages/sqlalchemy/orm/query.py", line 2759, in first
    return self.limit(1)._iter().first()  # type: ignore
           ~~~~~~~~~~~~~~~~~~~^^
  File "/Library/Frameworks/Python.framework/Versions/3.14/lib/python3.14/site-packages/sqlalchemy/orm/query.py", line 2857, in _iter
    result: Union[ScalarResult[_T], Result[_T]] = self.session.execute(
    
  File "/Library/Frameworks/Python.framework/Versions/3.14/lib/python3.14/site-packages/sqlalchemy/orm/session.py", line 2351, in execute
    return self._execute_internal(
    
  File "/Library/Frameworks/Python.framework/Versions/3.14/lib/python3.14/site-packages/sqlalchemy/orm/session.py", line 2249, in _execute_internal
    result: Result[Any] = compile_state_cls.orm_execute_statement(
    
  File "/Library/Frameworks/Python.framework/Versions/3.14/lib/python3.14/site-packages/sqlalchemy/orm/context.py", line 306, in orm_execute_statement
    result = conn.execute(
    
  File "/Library/Frameworks/Python.framework/Versions/3.14/lib/python3.14/site-packages/sqlalchemy/engine/base.py", line 1419, in execute
    return meth(
    
  File "/Library/Frameworks/Python.framework/Versions/3.14/lib/python3.14/site-packages/sqlalchemy/sql/elements.py", line 527, in _execute_on_connection
    return connection._execute_clauseelement(
    
  File "/Library/Frameworks/Python.framework/Versions/3.14/lib/python3.14/site-packages/sqlalchemy/engine/base.py", line 1641, in _execute_clauseelement
    ret = self._execute_context(
    
  File "/Library/Frameworks/Python.framework/Versions/3.14/lib/python3.14/site-packages/sqlalchemy/engine/base.py", line 1846, in _execute_context
    return self._exec_single_context(
    
  File "/Library/Frameworks/Python.framework/Versions/3.14/lib/python3.14/site-packages/sqlalchemy/engine/base.py", line 1986, in _exec_single_context
    self._handle_dbapi_exception(
    ^
  File "/Library/Frameworks/Python.framework/Versions/3.14/lib/python3.14/site-packages/sqlalchemy/engine/base.py", line 2363, in _handle_dbapi_exception
    raise sqlalchemy_exception.with_traceback(exc_info[2]) from e
  File "/Library/Frameworks/Python.framework/Versions/3.14/lib/python3.14/site-packages/sqlalchemy/engine/base.py", line 1967, in _exec_single_context
    self.dialect.do_execute(
    ^
  File "/Library/Frameworks/Python.framework/Versions/3.14/lib/python3.14/site-packages/sqlalchemy/engine/default.py", line 952, in do_execute
    cursor.execute(statement, parameters)
    ~~~~~~~~~~~~~~^^^^^^^^^^^^^^^^^^^^^^^
sqlalchemy.exc.OperationalError: (sqlite3.OperationalError) no such column: cart_item.quantity
[SQL: SELECT cart_item.id AS cart_item_id, cart_item.product_id AS cart_item_product_id, cart_item.quantity AS cart_item_quantity, cart_item.added_at AS cart_item_added_at 
FROM cart_item 
WHERE cart_item.product_id = ?
 LIMIT ? OFFSET ?]
[parameters: (2, 1, 0)]
(Background on this error at: https://sqlalche.me/e/20/e3q8)
127.0.0.1 - - [22/Apr/2026 22:09:56] "GET /api/market-pulse HTTP/1.1" 200 -
127.0.0.1 - - [22/Apr/2026 22:10:16] "[35m[1mGET /api/optimize HTTP/1.1[0m" 500 -
Traceback (most recent call last):
  File "/Library/Frameworks/Python.framework/Versions/3.14/lib/python3.14/site-packages/sqlalchemy/engine/base.py", line 1967, in _exec_single_context
    self.dialect.do_execute(
    ^
  File "/Library/Frameworks/Python.framework/Versions/3.14/lib/python3.14/site-packages/sqlalchemy/engine/default.py", line 952, in do_execute
    cursor.execute(statement, parameters)
    ~~~~~~~~~~~~~~^^^^^^^^^^^^^^^^^^^^^^^
sqlite3.OperationalError: no such column: cart_item.quantity

The above exception was the direct cause of the following exception:

Traceback (most recent call last):
  File "/Library/Frameworks/Python.framework/Versions/3.14/lib/python3.14/site-packages/flask/app.py", line 1536, in __call__
    return self.wsgi_app(environ, start_response)
           ~~~~~~~~~~~~~^^^^^^^^^^^^^^^^^^^^^^^^^
  File "/Library/Frameworks/Python.framework/Versions/3.14/lib/python3.14/site-packages/flask/app.py", line 1514, in wsgi_app
    response = self.handle_exception(e)
  File "/Library/Frameworks/Python.framework/Versions/3.14/lib/python3.14/site-packages/flask_cors/extension.py", line 176, in wrapped_function
    return cors_after_request(app.make_response(f(*args, **kwargs)))
                                                ~^^^^^^^^^^^^^^^^^
  File "/Library/Frameworks/Python.framework/Versions/3.14/lib/python3.14/site-packages/flask/app.py", line 1511, in wsgi_app
    response = self.full_dispatch_request()
  File "/Library/Frameworks/Python.framework/Versions/3.14/lib/python3.14/site-packages/flask/app.py", line 919, in full_dispatch_request
    rv = self.handle_user_exception(e)
  File "/Library/Frameworks/Python.framework/Versions/3.14/lib/python3.14/site-packages/flask_cors/extension.py", line 176, in wrapped_function
    return cors_after_request(app.make_response(f(*args, **kwargs)))
                                                ~^^^^^^^^^^^^^^^^^
  File "/Library/Frameworks/Python.framework/Versions/3.14/lib/python3.14/site-packages/flask/app.py", line 917, in full_dispatch_request
    rv = self.dispatch_request()
  File "/Library/Frameworks/Python.framework/Versions/3.14/lib/python3.14/site-packages/flask/app.py", line 902, in dispatch_request
    return self.ensure_sync(self.view_functions[rule.endpoint])(**view_args)  # type: ignore[no-any-return]
           ~~~~~~~~~~~~~~~~~~~~~~~~~~~~~~~~~~~~~~~~~~~~~~~~~~~~^^^^^^^^^^^^^
  File "/Users/macbook/.gemini/antigravity/scratch/PETWEB.FINDER/backend/app.py", line 170, in optimize_procurement
    cart_items = CartItem.query.all()
  File "/Library/Frameworks/Python.framework/Versions/3.14/lib/python3.14/site-packages/sqlalchemy/orm/query.py", line 2704, in all
    return self._iter().all()  # type: ignore
           ~~~~~~~~~~^^
  File "/Library/Frameworks/Python.framework/Versions/3.14/lib/python3.14/site-packages/sqlalchemy/orm/query.py", line 2857, in _iter
    result: Union[ScalarResult[_T], Result[_T]] = self.session.execute(
    
  File "/Library/Frameworks/Python.framework/Versions/3.14/lib/python3.14/site-packages/sqlalchemy/orm/session.py", line 2351, in execute
    return self._execute_internal(
    
  File "/Library/Frameworks/Python.framework/Versions/3.14/lib/python3.14/site-packages/sqlalchemy/orm/session.py", line 2249, in _execute_internal
    result: Result[Any] = compile_state_cls.orm_execute_statement(
    
  File "/Library/Frameworks/Python.framework/Versions/3.14/lib/python3.14/site-packages/sqlalchemy/orm/context.py", line 306, in orm_execute_statement
    result = conn.execute(
    
  File "/Library/Frameworks/Python.framework/Versions/3.14/lib/python3.14/site-packages/sqlalchemy/engine/base.py", line 1419, in execute
    return meth(
    
  File "/Library/Frameworks/Python.framework/Versions/3.14/lib/python3.14/site-packages/sqlalchemy/sql/elements.py", line 527, in _execute_on_connection
    return connection._execute_clauseelement(
    
  File "/Library/Frameworks/Python.framework/Versions/3.14/lib/python3.14/site-packages/sqlalchemy/engine/base.py", line 1641, in _execute_clauseelement
    ret = self._execute_context(
    
  File "/Library/Frameworks/Python.framework/Versions/3.14/lib/python3.14/site-packages/sqlalchemy/engine/base.py", line 1846, in _execute_context
    return self._exec_single_context(
    
  File "/Library/Frameworks/Python.framework/Versions/3.14/lib/python3.14/site-packages/sqlalchemy/engine/base.py", line 1986, in _exec_single_context
    self._handle_dbapi_exception(
    ^
  File "/Library/Frameworks/Python.framework/Versions/3.14/lib/python3.14/site-packages/sqlalchemy/engine/base.py", line 2363, in _handle_dbapi_exception
    raise sqlalchemy_exception.with_traceback(exc_info[2]) from e
  File "/Library/Frameworks/Python.framework/Versions/3.14/lib/python3.14/site-packages/sqlalchemy/engine/base.py", line 1967, in _exec_single_context
    self.dialect.do_execute(
    ^
  File "/Library/Frameworks/Python.framework/Versions/3.14/lib/python3.14/site-packages/sqlalchemy/engine/default.py", line 952, in do_execute
    cursor.execute(statement, parameters)
    ~~~~~~~~~~~~~~^^^^^^^^^^^^^^^^^^^^^^^
sqlalchemy.exc.OperationalError: (sqlite3.OperationalError) no such column: cart_item.quantity
[SQL: SELECT cart_item.id AS cart_item_id, cart_item.product_id AS cart_item_product_id, cart_item.quantity AS cart_item_quantity, cart_item.added_at AS cart_item_added_at 
FROM cart_item]
(Background on this error at: https://sqlalche.me/e/20/e3q8)
127.0.0.1 - - [22/Apr/2026 22:10:16] "[35m[1mGET /api/cart HTTP/1.1[0m" 500 -
Traceback (most recent call last):
  File "/Library/Frameworks/Python.framework/Versions/3.14/lib/python3.14/site-packages/sqlalchemy/engine/base.py", line 1967, in _exec_single_context
    self.dialect.do_execute(
    ^
  File "/Library/Frameworks/Python.framework/Versions/3.14/lib/python3.14/site-packages/sqlalchemy/engine/default.py", line 952, in do_execute
    cursor.execute(statement, parameters)
    ~~~~~~~~~~~~~~^^^^^^^^^^^^^^^^^^^^^^^
sqlite3.OperationalError: no such column: cart_item.quantity

The above exception was the direct cause of the following exception:

Traceback (most recent call last):
  File "/Library/Frameworks/Python.framework/Versions/3.14/lib/python3.14/site-packages/flask/app.py", line 1536, in __call__
    return self.wsgi_app(environ, start_response)
           ~~~~~~~~~~~~~^^^^^^^^^^^^^^^^^^^^^^^^^
  File "/Library/Frameworks/Python.framework/Versions/3.14/lib/python3.14/site-packages/flask/app.py", line 1514, in wsgi_app
    response = self.handle_exception(e)
  File "/Library/Frameworks/Python.framework/Versions/3.14/lib/python3.14/site-packages/flask_cors/extension.py", line 176, in wrapped_function
    return cors_after_request(app.make_response(f(*args, **kwargs)))
                                                ~^^^^^^^^^^^^^^^^^
  File "/Library/Frameworks/Python.framework/Versions/3.14/lib/python3.14/site-packages/flask/app.py", line 1511, in wsgi_app
    response = self.full_dispatch_request()
  File "/Library/Frameworks/Python.framework/Versions/3.14/lib/python3.14/site-packages/flask/app.py", line 919, in full_dispatch_request
    rv = self.handle_user_exception(e)
  File "/Library/Frameworks/Python.framework/Versions/3.14/lib/python3.14/site-packages/flask_cors/extension.py", line 176, in wrapped_function
    return cors_after_request(app.make_response(f(*args, **kwargs)))
                                                ~^^^^^^^^^^^^^^^^^
  File "/Library/Frameworks/Python.framework/Versions/3.14/lib/python3.14/site-packages/flask/app.py", line 917, in full_dispatch_request
    rv = self.dispatch_request()
  File "/Library/Frameworks/Python.framework/Versions/3.14/lib/python3.14/site-packages/flask/app.py", line 902, in dispatch_request
    return self.ensure_sync(self.view_functions[rule.endpoint])(**view_args)  # type: ignore[no-any-return]
           ~~~~~~~~~~~~~~~~~~~~~~~~~~~~~~~~~~~~~~~~~~~~~~~~~~~~^^^^^^^^^^^^^
  File "/Users/macbook/.gemini/antigravity/scratch/PETWEB.FINDER/backend/app.py", line 82, in get_cart
    items = CartItem.query.order_by(CartItem.added_at.desc()).all()
  File "/Library/Frameworks/Python.framework/Versions/3.14/lib/python3.14/site-packages/sqlalchemy/orm/query.py", line 2704, in all
    return self._iter().all()  # type: ignore
           ~~~~~~~~~~^^
  File "/Library/Frameworks/Python.framework/Versions/3.14/lib/python3.14/site-packages/sqlalchemy/orm/query.py", line 2857, in _iter
    result: Union[ScalarResult[_T], Result[_T]] = self.session.execute(
    
  File "/Library/Frameworks/Python.framework/Versions/3.14/lib/python3.14/site-packages/sqlalchemy/orm/session.py", line 2351, in execute
    return self._execute_internal(
    
  File "/Library/Frameworks/Python.framework/Versions/3.14/lib/python3.14/site-packages/sqlalchemy/orm/session.py", line 2249, in _execute_internal
    result: Result[Any] = compile_state_cls.orm_execute_statement(
    
  File "/Library/Frameworks/Python.framework/Versions/3.14/lib/python3.14/site-packages/sqlalchemy/orm/context.py", line 306, in orm_execute_statement
    result = conn.execute(
    
  File "/Library/Frameworks/Python.framework/Versions/3.14/lib/python3.14/site-packages/sqlalchemy/engine/base.py", line 1419, in execute
    return meth(
    
  File "/Library/Frameworks/Python.framework/Versions/3.14/lib/python3.14/site-packages/sqlalchemy/sql/elements.py", line 527, in _execute_on_connection
    return connection._execute_clauseelement(
    
  File "/Library/Frameworks/Python.framework/Versions/3.14/lib/python3.14/site-packages/sqlalchemy/engine/base.py", line 1641, in _execute_clauseelement
    ret = self._execute_context(
    
  File "/Library/Frameworks/Python.framework/Versions/3.14/lib/python3.14/site-packages/sqlalchemy/engine/base.py", line 1846, in _execute_context
    return self._exec_single_context(
    
  File "/Library/Frameworks/Python.framework/Versions/3.14/lib/python3.14/site-packages/sqlalchemy/engine/base.py", line 1986, in _exec_single_context
    self._handle_dbapi_exception(
    ^
  File "/Library/Frameworks/Python.framework/Versions/3.14/lib/python3.14/site-packages/sqlalchemy/engine/base.py", line 2363, in _handle_dbapi_exception
    raise sqlalchemy_exception.with_traceback(exc_info[2]) from e
  File "/Library/Frameworks/Python.framework/Versions/3.14/lib/python3.14/site-packages/sqlalchemy/engine/base.py", line 1967, in _exec_single_context
    self.dialect.do_execute(
    ^
  File "/Library/Frameworks/Python.framework/Versions/3.14/lib/python3.14/site-packages/sqlalchemy/engine/default.py", line 952, in do_execute
    cursor.execute(statement, parameters)
    ~~~~~~~~~~~~~~^^^^^^^^^^^^^^^^^^^^^^^
sqlalchemy.exc.OperationalError: (sqlite3.OperationalError) no such column: cart_item.quantity
[SQL: SELECT cart_item.id AS cart_item_id, cart_item.product_id AS cart_item_product_id, cart_item.quantity AS cart_item_quantity, cart_item.added_at AS cart_item_added_at 
FROM cart_item ORDER BY cart_item.added_at DESC]
(Background on this error at: https://sqlalche.me/e/20/e3q8)
127.0.0.1 - - [22/Apr/2026 22:10:16] "GET /api/orders HTTP/1.1" 200 -
127.0.0.1 - - [22/Apr/2026 22:10:18] "GET /api/orders HTTP/1.1" 200 -
127.0.0.1 - - [22/Apr/2026 22:10:19] "[35m[1mGET /api/cart HTTP/1.1[0m" 500 -
Traceback (most recent call last):
  File "/Library/Frameworks/Python.framework/Versions/3.14/lib/python3.14/site-packages/sqlalchemy/engine/base.py", line 1967, in _exec_single_context
    self.dialect.do_execute(
    ^
  File "/Library/Frameworks/Python.framework/Versions/3.14/lib/python3.14/site-packages/sqlalchemy/engine/default.py", line 952, in do_execute
    cursor.execute(statement, parameters)
    ~~~~~~~~~~~~~~^^^^^^^^^^^^^^^^^^^^^^^
sqlite3.OperationalError: no such column: cart_item.quantity

The above exception was the direct cause of the following exception:

Traceback (most recent call last):
  File "/Library/Frameworks/Python.framework/Versions/3.14/lib/python3.14/site-packages/flask/app.py", line 1536, in __call__
    return self.wsgi_app(environ, start_response)
           ~~~~~~~~~~~~~^^^^^^^^^^^^^^^^^^^^^^^^^
  File "/Library/Frameworks/Python.framework/Versions/3.14/lib/python3.14/site-packages/flask/app.py", line 1514, in wsgi_app
    response = self.handle_exception(e)
  File "/Library/Frameworks/Python.framework/Versions/3.14/lib/python3.14/site-packages/flask_cors/extension.py", line 176, in wrapped_function
    return cors_after_request(app.make_response(f(*args, **kwargs)))
                                                ~^^^^^^^^^^^^^^^^^
  File "/Library/Frameworks/Python.framework/Versions/3.14/lib/python3.14/site-packages/flask/app.py", line 1511, in wsgi_app
    response = self.full_dispatch_request()
  File "/Library/Frameworks/Python.framework/Versions/3.14/lib/python3.14/site-packages/flask/app.py", line 919, in full_dispatch_request
    rv = self.handle_user_exception(e)
  File "/Library/Frameworks/Python.framework/Versions/3.14/lib/python3.14/site-packages/flask_cors/extension.py", line 176, in wrapped_function
    return cors_after_request(app.make_response(f(*args, **kwargs)))
                                                ~^^^^^^^^^^^^^^^^^
  File "/Library/Frameworks/Python.framework/Versions/3.14/lib/python3.14/site-packages/flask/app.py", line 917, in full_dispatch_request
    rv = self.dispatch_request()
  File "/Library/Frameworks/Python.framework/Versions/3.14/lib/python3.14/site-packages/flask/app.py", line 902, in dispatch_request
    return self.ensure_sync(self.view_functions[rule.endpoint])(**view_args)  # type: ignore[no-any-return]
           ~~~~~~~~~~~~~~~~~~~~~~~~~~~~~~~~~~~~~~~~~~~~~~~~~~~~^^^^^^^^^^^^^
  File "/Users/macbook/.gemini/antigravity/scratch/PETWEB.FINDER/backend/app.py", line 82, in get_cart
    items = CartItem.query.order_by(CartItem.added_at.desc()).all()
  File "/Library/Frameworks/Python.framework/Versions/3.14/lib/python3.14/site-packages/sqlalchemy/orm/query.py", line 2704, in all
    return self._iter().all()  # type: ignore
           ~~~~~~~~~~^^
  File "/Library/Frameworks/Python.framework/Versions/3.14/lib/python3.14/site-packages/sqlalchemy/orm/query.py", line 2857, in _iter
    result: Union[ScalarResult[_T], Result[_T]] = self.session.execute(
    
  File "/Library/Frameworks/Python.framework/Versions/3.14/lib/python3.14/site-packages/sqlalchemy/orm/session.py", line 2351, in execute
    return self._execute_internal(
    
  File "/Library/Frameworks/Python.framework/Versions/3.14/lib/python3.14/site-packages/sqlalchemy/orm/session.py", line 2249, in _execute_internal
    result: Result[Any] = compile_state_cls.orm_execute_statement(
    
  File "/Library/Frameworks/Python.framework/Versions/3.14/lib/python3.14/site-packages/sqlalchemy/orm/context.py", line 306, in orm_execute_statement
    result = conn.execute(
    
  File "/Library/Frameworks/Python.framework/Versions/3.14/lib/python3.14/site-packages/sqlalchemy/engine/base.py", line 1419, in execute
    return meth(
    
  File "/Library/Frameworks/Python.framework/Versions/3.14/lib/python3.14/site-packages/sqlalchemy/sql/elements.py", line 527, in _execute_on_connection
    return connection._execute_clauseelement(
    
  File "/Library/Frameworks/Python.framework/Versions/3.14/lib/python3.14/site-packages/sqlalchemy/engine/base.py", line 1641, in _execute_clauseelement
    ret = self._execute_context(
    
  File "/Library/Frameworks/Python.framework/Versions/3.14/lib/python3.14/site-packages/sqlalchemy/engine/base.py", line 1846, in _execute_context
    return self._exec_single_context(
    
  File "/Library/Frameworks/Python.framework/Versions/3.14/lib/python3.14/site-packages/sqlalchemy/engine/base.py", line 1986, in _exec_single_context
    self._handle_dbapi_exception(
    ^
  File "/Library/Frameworks/Python.framework/Versions/3.14/lib/python3.14/site-packages/sqlalchemy/engine/base.py", line 2363, in _handle_dbapi_exception
    raise sqlalchemy_exception.with_traceback(exc_info[2]) from e
  File "/Library/Frameworks/Python.framework/Versions/3.14/lib/python3.14/site-packages/sqlalchemy/engine/base.py", line 1967, in _exec_single_context
    self.dialect.do_execute(
    ^
  File "/Library/Frameworks/Python.framework/Versions/3.14/lib/python3.14/site-packages/sqlalchemy/engine/default.py", line 952, in do_execute
    cursor.execute(statement, parameters)
    ~~~~~~~~~~~~~~^^^^^^^^^^^^^^^^^^^^^^^
sqlalchemy.exc.OperationalError: (sqlite3.OperationalError) no such column: cart_item.quantity
[SQL: SELECT cart_item.id AS cart_item_id, cart_item.product_id AS cart_item_product_id, cart_item.quantity AS cart_item_quantity, cart_item.added_at AS cart_item_added_at 
FROM cart_item ORDER BY cart_item.added_at DESC]
(Background on this error at: https://sqlalche.me/e/20/e3q8)
127.0.0.1 - - [22/Apr/2026 22:10:19] "[35m[1mGET /api/optimize HTTP/1.1[0m" 500 -
Traceback (most recent call last):
  File "/Library/Frameworks/Python.framework/Versions/3.14/lib/python3.14/site-packages/sqlalchemy/engine/base.py", line 1967, in _exec_single_context
    self.dialect.do_execute(
    ^
  File "/Library/Frameworks/Python.framework/Versions/3.14/lib/python3.14/site-packages/sqlalchemy/engine/default.py", line 952, in do_execute
    cursor.execute(statement, parameters)
    ~~~~~~~~~~~~~~^^^^^^^^^^^^^^^^^^^^^^^
sqlite3.OperationalError: no such column: cart_item.quantity

The above exception was the direct cause of the following exception:

Traceback (most recent call last):
  File "/Library/Frameworks/Python.framework/Versions/3.14/lib/python3.14/site-packages/flask/app.py", line 1536, in __call__
    return self.wsgi_app(environ, start_response)
           ~~~~~~~~~~~~~^^^^^^^^^^^^^^^^^^^^^^^^^
  File "/Library/Frameworks/Python.framework/Versions/3.14/lib/python3.14/site-packages/flask/app.py", line 1514, in wsgi_app
    response = self.handle_exception(e)
  File "/Library/Frameworks/Python.framework/Versions/3.14/lib/python3.14/site-packages/flask_cors/extension.py", line 176, in wrapped_function
    return cors_after_request(app.make_response(f(*args, **kwargs)))
                                                ~^^^^^^^^^^^^^^^^^
  File "/Library/Frameworks/Python.framework/Versions/3.14/lib/python3.14/site-packages/flask/app.py", line 1511, in wsgi_app
    response = self.full_dispatch_request()
  File "/Library/Frameworks/Python.framework/Versions/3.14/lib/python3.14/site-packages/flask/app.py", line 919, in full_dispatch_request
    rv = self.handle_user_exception(e)
  File "/Library/Frameworks/Python.framework/Versions/3.14/lib/python3.14/site-packages/flask_cors/extension.py", line 176, in wrapped_function
    return cors_after_request(app.make_response(f(*args, **kwargs)))
                                                ~^^^^^^^^^^^^^^^^^
  File "/Library/Frameworks/Python.framework/Versions/3.14/lib/python3.14/site-packages/flask/app.py", line 917, in full_dispatch_request
    rv = self.dispatch_request()
  File "/Library/Frameworks/Python.framework/Versions/3.14/lib/python3.14/site-packages/flask/app.py", line 902, in dispatch_request
    return self.ensure_sync(self.view_functions[rule.endpoint])(**view_args)  # type: ignore[no-any-return]
           ~~~~~~~~~~~~~~~~~~~~~~~~~~~~~~~~~~~~~~~~~~~~~~~~~~~~^^^^^^^^^^^^^
  File "/Users/macbook/.gemini/antigravity/scratch/PETWEB.FINDER/backend/app.py", line 170, in optimize_procurement
    cart_items = CartItem.query.all()
  File "/Library/Frameworks/Python.framework/Versions/3.14/lib/python3.14/site-packages/sqlalchemy/orm/query.py", line 2704, in all
    return self._iter().all()  # type: ignore
           ~~~~~~~~~~^^
  File "/Library/Frameworks/Python.framework/Versions/3.14/lib/python3.14/site-packages/sqlalchemy/orm/query.py", line 2857, in _iter
    result: Union[ScalarResult[_T], Result[_T]] = self.session.execute(
    
  File "/Library/Frameworks/Python.framework/Versions/3.14/lib/python3.14/site-packages/sqlalchemy/orm/session.py", line 2351, in execute
    return self._execute_internal(
    
  File "/Library/Frameworks/Python.framework/Versions/3.14/lib/python3.14/site-packages/sqlalchemy/orm/session.py", line 2249, in _execute_internal
    result: Result[Any] = compile_state_cls.orm_execute_statement(
    
  File "/Library/Frameworks/Python.framework/Versions/3.14/lib/python3.14/site-packages/sqlalchemy/orm/context.py", line 306, in orm_execute_statement
    result = conn.execute(
    
  File "/Library/Frameworks/Python.framework/Versions/3.14/lib/python3.14/site-packages/sqlalchemy/engine/base.py", line 1419, in execute
    return meth(
    
  File "/Library/Frameworks/Python.framework/Versions/3.14/lib/python3.14/site-packages/sqlalchemy/sql/elements.py", line 527, in _execute_on_connection
    return connection._execute_clauseelement(
    
  File "/Library/Frameworks/Python.framework/Versions/3.14/lib/python3.14/site-packages/sqlalchemy/engine/base.py", line 1641, in _execute_clauseelement
    ret = self._execute_context(
    
  File "/Library/Frameworks/Python.framework/Versions/3.14/lib/python3.14/site-packages/sqlalchemy/engine/base.py", line 1846, in _execute_context
    return self._exec_single_context(
    
  File "/Library/Frameworks/Python.framework/Versions/3.14/lib/python3.14/site-packages/sqlalchemy/engine/base.py", line 1986, in _exec_single_context
    self._handle_dbapi_exception(
    ^
  File "/Library/Frameworks/Python.framework/Versions/3.14/lib/python3.14/site-packages/sqlalchemy/engine/base.py", line 2363, in _handle_dbapi_exception
    raise sqlalchemy_exception.with_traceback(exc_info[2]) from e
  File "/Library/Frameworks/Python.framework/Versions/3.14/lib/python3.14/site-packages/sqlalchemy/engine/base.py", line 1967, in _exec_single_context
    self.dialect.do_execute(
    ^
  File "/Library/Frameworks/Python.framework/Versions/3.14/lib/python3.14/site-packages/sqlalchemy/engine/default.py", line 952, in do_execute
    cursor.execute(statement, parameters)
    ~~~~~~~~~~~~~~^^^^^^^^^^^^^^^^^^^^^^^
sqlalchemy.exc.OperationalError: (sqlite3.OperationalError) no such column: cart_item.quantity
[SQL: SELECT cart_item.id AS cart_item_id, cart_item.product_id AS cart_item_product_id, cart_item.quantity AS cart_item_quantity, cart_item.added_at AS cart_item_added_at 
FROM cart_item]
(Background on this error at: https://sqlalche.me/e/20/e3q8)
127.0.0.1 - - [22/Apr/2026 22:10:20] "GET /api/orders HTTP/1.1" 200 -
127.0.0.1 - - [22/Apr/2026 22:10:22] "OPTIONS /api/cart HTTP/1.1" 200 -
127.0.0.1 - - [22/Apr/2026 22:10:22] "[35m[1mPOST /api/cart HTTP/1.1[0m" 500 -
Traceback (most recent call last):
  File "/Library/Frameworks/Python.framework/Versions/3.14/lib/python3.14/site-packages/sqlalchemy/engine/base.py", line 1967, in _exec_single_context
    self.dialect.do_execute(
    ^
  File "/Library/Frameworks/Python.framework/Versions/3.14/lib/python3.14/site-packages/sqlalchemy/engine/default.py", line 952, in do_execute
    cursor.execute(statement, parameters)
    ~~~~~~~~~~~~~~^^^^^^^^^^^^^^^^^^^^^^^
sqlite3.OperationalError: no such column: cart_item.quantity

The above exception was the direct cause of the following exception:

Traceback (most recent call last):
  File "/Library/Frameworks/Python.framework/Versions/3.14/lib/python3.14/site-packages/flask/app.py", line 1536, in __call__
    return self.wsgi_app(environ, start_response)
           ~~~~~~~~~~~~~^^^^^^^^^^^^^^^^^^^^^^^^^
  File "/Library/Frameworks/Python.framework/Versions/3.14/lib/python3.14/site-packages/flask/app.py", line 1514, in wsgi_app
    response = self.handle_exception(e)
  File "/Library/Frameworks/Python.framework/Versions/3.14/lib/python3.14/site-packages/flask_cors/extension.py", line 176, in wrapped_function
    return cors_after_request(app.make_response(f(*args, **kwargs)))
                                                ~^^^^^^^^^^^^^^^^^
  File "/Library/Frameworks/Python.framework/Versions/3.14/lib/python3.14/site-packages/flask/app.py", line 1511, in wsgi_app
    response = self.full_dispatch_request()
  File "/Library/Frameworks/Python.framework/Versions/3.14/lib/python3.14/site-packages/flask/app.py", line 919, in full_dispatch_request
    rv = self.handle_user_exception(e)
  File "/Library/Frameworks/Python.framework/Versions/3.14/lib/python3.14/site-packages/flask_cors/extension.py", line 176, in wrapped_function
    return cors_after_request(app.make_response(f(*args, **kwargs)))
                                                ~^^^^^^^^^^^^^^^^^
  File "/Library/Frameworks/Python.framework/Versions/3.14/lib/python3.14/site-packages/flask/app.py", line 917, in full_dispatch_request
    rv = self.dispatch_request()
  File "/Library/Frameworks/Python.framework/Versions/3.14/lib/python3.14/site-packages/flask/app.py", line 902, in dispatch_request
    return self.ensure_sync(self.view_functions[rule.endpoint])(**view_args)  # type: ignore[no-any-return]
           ~~~~~~~~~~~~~~~~~~~~~~~~~~~~~~~~~~~~~~~~~~~~~~~~~~~~^^^^^^^^^^^^^
  File "/Users/macbook/.gemini/antigravity/scratch/PETWEB.FINDER/backend/app.py", line 94, in add_to_cart
    existing = CartItem.query.filter_by(product_id=product_id).first()
  File "/Library/Frameworks/Python.framework/Versions/3.14/lib/python3.14/site-packages/sqlalchemy/orm/query.py", line 2759, in first
    return self.limit(1)._iter().first()  # type: ignore
           ~~~~~~~~~~~~~~~~~~~^^
  File "/Library/Frameworks/Python.framework/Versions/3.14/lib/python3.14/site-packages/sqlalchemy/orm/query.py", line 2857, in _iter
    result: Union[ScalarResult[_T], Result[_T]] = self.session.execute(
    
  File "/Library/Frameworks/Python.framework/Versions/3.14/lib/python3.14/site-packages/sqlalchemy/orm/session.py", line 2351, in execute
    return self._execute_internal(
    
  File "/Library/Frameworks/Python.framework/Versions/3.14/lib/python3.14/site-packages/sqlalchemy/orm/session.py", line 2249, in _execute_internal
    result: Result[Any] = compile_state_cls.orm_execute_statement(
    
  File "/Library/Frameworks/Python.framework/Versions/3.14/lib/python3.14/site-packages/sqlalchemy/orm/context.py", line 306, in orm_execute_statement
    result = conn.execute(
    
  File "/Library/Frameworks/Python.framework/Versions/3.14/lib/python3.14/site-packages/sqlalchemy/engine/base.py", line 1419, in execute
    return meth(
    
  File "/Library/Frameworks/Python.framework/Versions/3.14/lib/python3.14/site-packages/sqlalchemy/sql/elements.py", line 527, in _execute_on_connection
    return connection._execute_clauseelement(
    
  File "/Library/Frameworks/Python.framework/Versions/3.14/lib/python3.14/site-packages/sqlalchemy/engine/base.py", line 1641, in _execute_clauseelement
    ret = self._execute_context(
    
  File "/Library/Frameworks/Python.framework/Versions/3.14/lib/python3.14/site-packages/sqlalchemy/engine/base.py", line 1846, in _execute_context
    return self._exec_single_context(
    
  File "/Library/Frameworks/Python.framework/Versions/3.14/lib/python3.14/site-packages/sqlalchemy/engine/base.py", line 1986, in _exec_single_context
    self._handle_dbapi_exception(
    ^
  File "/Library/Frameworks/Python.framework/Versions/3.14/lib/python3.14/site-packages/sqlalchemy/engine/base.py", line 2363, in _handle_dbapi_exception
    raise sqlalchemy_exception.with_traceback(exc_info[2]) from e
  File "/Library/Frameworks/Python.framework/Versions/3.14/lib/python3.14/site-packages/sqlalchemy/engine/base.py", line 1967, in _exec_single_context
    self.dialect.do_execute(
    ^
  File "/Library/Frameworks/Python.framework/Versions/3.14/lib/python3.14/site-packages/sqlalchemy/engine/default.py", line 952, in do_execute
    cursor.execute(statement, parameters)
    ~~~~~~~~~~~~~~^^^^^^^^^^^^^^^^^^^^^^^
sqlalchemy.exc.OperationalError: (sqlite3.OperationalError) no such column: cart_item.quantity
[SQL: SELECT cart_item.id AS cart_item_id, cart_item.product_id AS cart_item_product_id, cart_item.quantity AS cart_item_quantity, cart_item.added_at AS cart_item_added_at 
FROM cart_item 
WHERE cart_item.product_id = ?
 LIMIT ? OFFSET ?]
[parameters: (2, 1, 0)]
(Background on this error at: https://sqlalche.me/e/20/e3q8)
127.0.0.1 - - [22/Apr/2026 22:10:23] "[35m[1mPOST /api/cart HTTP/1.1[0m" 500 -
Traceback (most recent call last):
  File "/Library/Frameworks/Python.framework/Versions/3.14/lib/python3.14/site-packages/sqlalchemy/engine/base.py", line 1967, in _exec_single_context
    self.dialect.do_execute(
    ^
  File "/Library/Frameworks/Python.framework/Versions/3.14/lib/python3.14/site-packages/sqlalchemy/engine/default.py", line 952, in do_execute
    cursor.execute(statement, parameters)
    ~~~~~~~~~~~~~~^^^^^^^^^^^^^^^^^^^^^^^
sqlite3.OperationalError: no such column: cart_item.quantity

The above exception was the direct cause of the following exception:

Traceback (most recent call last):
  File "/Library/Frameworks/Python.framework/Versions/3.14/lib/python3.14/site-packages/flask/app.py", line 1536, in __call__
    return self.wsgi_app(environ, start_response)
           ~~~~~~~~~~~~~^^^^^^^^^^^^^^^^^^^^^^^^^
  File "/Library/Frameworks/Python.framework/Versions/3.14/lib/python3.14/site-packages/flask/app.py", line 1514, in wsgi_app
    response = self.handle_exception(e)
  File "/Library/Frameworks/Python.framework/Versions/3.14/lib/python3.14/site-packages/flask_cors/extension.py", line 176, in wrapped_function
    return cors_after_request(app.make_response(f(*args, **kwargs)))
                                                ~^^^^^^^^^^^^^^^^^
  File "/Library/Frameworks/Python.framework/Versions/3.14/lib/python3.14/site-packages/flask/app.py", line 1511, in wsgi_app
    response = self.full_dispatch_request()
  File "/Library/Frameworks/Python.framework/Versions/3.14/lib/python3.14/site-packages/flask/app.py", line 919, in full_dispatch_request
    rv = self.handle_user_exception(e)
  File "/Library/Frameworks/Python.framework/Versions/3.14/lib/python3.14/site-packages/flask_cors/extension.py", line 176, in wrapped_function
    return cors_after_request(app.make_response(f(*args, **kwargs)))
                                                ~^^^^^^^^^^^^^^^^^
  File "/Library/Frameworks/Python.framework/Versions/3.14/lib/python3.14/site-packages/flask/app.py", line 917, in full_dispatch_request
    rv = self.dispatch_request()
  File "/Library/Frameworks/Python.framework/Versions/3.14/lib/python3.14/site-packages/flask/app.py", line 902, in dispatch_request
    return self.ensure_sync(self.view_functions[rule.endpoint])(**view_args)  # type: ignore[no-any-return]
           ~~~~~~~~~~~~~~~~~~~~~~~~~~~~~~~~~~~~~~~~~~~~~~~~~~~~^^^^^^^^^^^^^
  File "/Users/macbook/.gemini/antigravity/scratch/PETWEB.FINDER/backend/app.py", line 94, in add_to_cart
    existing = CartItem.query.filter_by(product_id=product_id).first()
  File "/Library/Frameworks/Python.framework/Versions/3.14/lib/python3.14/site-packages/sqlalchemy/orm/query.py", line 2759, in first
    return self.limit(1)._iter().first()  # type: ignore
           ~~~~~~~~~~~~~~~~~~~^^
  File "/Library/Frameworks/Python.framework/Versions/3.14/lib/python3.14/site-packages/sqlalchemy/orm/query.py", line 2857, in _iter
    result: Union[ScalarResult[_T], Result[_T]] = self.session.execute(
    
  File "/Library/Frameworks/Python.framework/Versions/3.14/lib/python3.14/site-packages/sqlalchemy/orm/session.py", line 2351, in execute
    return self._execute_internal(
    
  File "/Library/Frameworks/Python.framework/Versions/3.14/lib/python3.14/site-packages/sqlalchemy/orm/session.py", line 2249, in _execute_internal
    result: Result[Any] = compile_state_cls.orm_execute_statement(
    
  File "/Library/Frameworks/Python.framework/Versions/3.14/lib/python3.14/site-packages/sqlalchemy/orm/context.py", line 306, in orm_execute_statement
    result = conn.execute(
    
  File "/Library/Frameworks/Python.framework/Versions/3.14/lib/python3.14/site-packages/sqlalchemy/engine/base.py", line 1419, in execute
    return meth(
    
  File "/Library/Frameworks/Python.framework/Versions/3.14/lib/python3.14/site-packages/sqlalchemy/sql/elements.py", line 527, in _execute_on_connection
    return connection._execute_clauseelement(
    
  File "/Library/Frameworks/Python.framework/Versions/3.14/lib/python3.14/site-packages/sqlalchemy/engine/base.py", line 1641, in _execute_clauseelement
    ret = self._execute_context(
    
  File "/Library/Frameworks/Python.framework/Versions/3.14/lib/python3.14/site-packages/sqlalchemy/engine/base.py", line 1846, in _execute_context
    return self._exec_single_context(
    
  File "/Library/Frameworks/Python.framework/Versions/3.14/lib/python3.14/site-packages/sqlalchemy/engine/base.py", line 1986, in _exec_single_context
    self._handle_dbapi_exception(
    ^
  File "/Library/Frameworks/Python.framework/Versions/3.14/lib/python3.14/site-packages/sqlalchemy/engine/base.py", line 2363, in _handle_dbapi_exception
    raise sqlalchemy_exception.with_traceback(exc_info[2]) from e
  File "/Library/Frameworks/Python.framework/Versions/3.14/lib/python3.14/site-packages/sqlalchemy/engine/base.py", line 1967, in _exec_single_context
    self.dialect.do_execute(
    ^
  File "/Library/Frameworks/Python.framework/Versions/3.14/lib/python3.14/site-packages/sqlalchemy/engine/default.py", line 952, in do_execute
    cursor.execute(statement, parameters)
    ~~~~~~~~~~~~~~^^^^^^^^^^^^^^^^^^^^^^^
sqlalchemy.exc.OperationalError: (sqlite3.OperationalError) no such column: cart_item.quantity
[SQL: SELECT cart_item.id AS cart_item_id, cart_item.product_id AS cart_item_product_id, cart_item.quantity AS cart_item_quantity, cart_item.added_at AS cart_item_added_at 
FROM cart_item 
WHERE cart_item.product_id = ?
 LIMIT ? OFFSET ?]
[parameters: (2, 1, 0)]
(Background on this error at: https://sqlalche.me/e/20/e3q8)
127.0.0.1 - - [22/Apr/2026 22:10:56] "GET /api/market-pulse HTTP/1.1" 200 -
127.0.0.1 - - [22/Apr/2026 22:10:58] "OPTIONS /api/cart HTTP/1.1" 200 -
127.0.0.1 - - [22/Apr/2026 22:10:58] "[35m[1mPOST /api/cart HTTP/1.1[0m" 500 -
Traceback (most recent call last):
  File "/Library/Frameworks/Python.framework/Versions/3.14/lib/python3.14/site-packages/sqlalchemy/engine/base.py", line 1967, in _exec_single_context
    self.dialect.do_execute(
    ^
  File "/Library/Frameworks/Python.framework/Versions/3.14/lib/python3.14/site-packages/sqlalchemy/engine/default.py", line 952, in do_execute
    cursor.execute(statement, parameters)
    ~~~~~~~~~~~~~~^^^^^^^^^^^^^^^^^^^^^^^
sqlite3.OperationalError: no such column: cart_item.quantity

The above exception was the direct cause of the following exception:

Traceback (most recent call last):
  File "/Library/Frameworks/Python.framework/Versions/3.14/lib/python3.14/site-packages/flask/app.py", line 1536, in __call__
    return self.wsgi_app(environ, start_response)
           ~~~~~~~~~~~~~^^^^^^^^^^^^^^^^^^^^^^^^^
  File "/Library/Frameworks/Python.framework/Versions/3.14/lib/python3.14/site-packages/flask/app.py", line 1514, in wsgi_app
    response = self.handle_exception(e)
  File "/Library/Frameworks/Python.framework/Versions/3.14/lib/python3.14/site-packages/flask_cors/extension.py", line 176, in wrapped_function
    return cors_after_request(app.make_response(f(*args, **kwargs)))
                                                ~^^^^^^^^^^^^^^^^^
  File "/Library/Frameworks/Python.framework/Versions/3.14/lib/python3.14/site-packages/flask/app.py", line 1511, in wsgi_app
    response = self.full_dispatch_request()
  File "/Library/Frameworks/Python.framework/Versions/3.14/lib/python3.14/site-packages/flask/app.py", line 919, in full_dispatch_request
    rv = self.handle_user_exception(e)
  File "/Library/Frameworks/Python.framework/Versions/3.14/lib/python3.14/site-packages/flask_cors/extension.py", line 176, in wrapped_function
    return cors_after_request(app.make_response(f(*args, **kwargs)))
                                                ~^^^^^^^^^^^^^^^^^
  File "/Library/Frameworks/Python.framework/Versions/3.14/lib/python3.14/site-packages/flask/app.py", line 917, in full_dispatch_request
    rv = self.dispatch_request()
  File "/Library/Frameworks/Python.framework/Versions/3.14/lib/python3.14/site-packages/flask/app.py", line 902, in dispatch_request
    return self.ensure_sync(self.view_functions[rule.endpoint])(**view_args)  # type: ignore[no-any-return]
           ~~~~~~~~~~~~~~~~~~~~~~~~~~~~~~~~~~~~~~~~~~~~~~~~~~~~^^^^^^^^^^^^^
  File "/Users/macbook/.gemini/antigravity/scratch/PETWEB.FINDER/backend/app.py", line 94, in add_to_cart
    existing = CartItem.query.filter_by(product_id=product_id).first()
  File "/Library/Frameworks/Python.framework/Versions/3.14/lib/python3.14/site-packages/sqlalchemy/orm/query.py", line 2759, in first
    return self.limit(1)._iter().first()  # type: ignore
           ~~~~~~~~~~~~~~~~~~~^^
  File "/Library/Frameworks/Python.framework/Versions/3.14/lib/python3.14/site-packages/sqlalchemy/orm/query.py", line 2857, in _iter
    result: Union[ScalarResult[_T], Result[_T]] = self.session.execute(
    
  File "/Library/Frameworks/Python.framework/Versions/3.14/lib/python3.14/site-packages/sqlalchemy/orm/session.py", line 2351, in execute
    return self._execute_internal(
    
  File "/Library/Frameworks/Python.framework/Versions/3.14/lib/python3.14/site-packages/sqlalchemy/orm/session.py", line 2249, in _execute_internal
    result: Result[Any] = compile_state_cls.orm_execute_statement(
    
  File "/Library/Frameworks/Python.framework/Versions/3.14/lib/python3.14/site-packages/sqlalchemy/orm/context.py", line 306, in orm_execute_statement
    result = conn.execute(
    
  File "/Library/Frameworks/Python.framework/Versions/3.14/lib/python3.14/site-packages/sqlalchemy/engine/base.py", line 1419, in execute
    return meth(
    
  File "/Library/Frameworks/Python.framework/Versions/3.14/lib/python3.14/site-packages/sqlalchemy/sql/elements.py", line 527, in _execute_on_connection
    return connection._execute_clauseelement(
    
  File "/Library/Frameworks/Python.framework/Versions/3.14/lib/python3.14/site-packages/sqlalchemy/engine/base.py", line 1641, in _execute_clauseelement
    ret = self._execute_context(
    
  File "/Library/Frameworks/Python.framework/Versions/3.14/lib/python3.14/site-packages/sqlalchemy/engine/base.py", line 1846, in _execute_context
    return self._exec_single_context(
    
  File "/Library/Frameworks/Python.framework/Versions/3.14/lib/python3.14/site-packages/sqlalchemy/engine/base.py", line 1986, in _exec_single_context
    self._handle_dbapi_exception(
    ^
  File "/Library/Frameworks/Python.framework/Versions/3.14/lib/python3.14/site-packages/sqlalchemy/engine/base.py", line 2363, in _handle_dbapi_exception
    raise sqlalchemy_exception.with_traceback(exc_info[2]) from e
  File "/Library/Frameworks/Python.framework/Versions/3.14/lib/python3.14/site-packages/sqlalchemy/engine/base.py", line 1967, in _exec_single_context
    self.dialect.do_execute(
    ^
  File "/Library/Frameworks/Python.framework/Versions/3.14/lib/python3.14/site-packages/sqlalchemy/engine/default.py", line 952, in do_execute
    cursor.execute(statement, parameters)
    ~~~~~~~~~~~~~~^^^^^^^^^^^^^^^^^^^^^^^
sqlalchemy.exc.OperationalError: (sqlite3.OperationalError) no such column: cart_item.quantity
[SQL: SELECT cart_item.id AS cart_item_id, cart_item.product_id AS cart_item_product_id, cart_item.quantity AS cart_item_quantity, cart_item.added_at AS cart_item_added_at 
FROM cart_item 
WHERE cart_item.product_id = ?
 LIMIT ? OFFSET ?]
[parameters: (2, 1, 0)]
(Background on this error at: https://sqlalche.me/e/20/e3q8)
127.0.0.1 - - [22/Apr/2026 22:10:59] "[35m[1mPOST /api/cart HTTP/1.1[0m" 500 -
Traceback (most recent call last):
  File "/Library/Frameworks/Python.framework/Versions/3.14/lib/python3.14/site-packages/sqlalchemy/engine/base.py", line 1967, in _exec_single_context
    self.dialect.do_execute(
    ^
  File "/Library/Frameworks/Python.framework/Versions/3.14/lib/python3.14/site-packages/sqlalchemy/engine/default.py", line 952, in do_execute
    cursor.execute(statement, parameters)
    ~~~~~~~~~~~~~~^^^^^^^^^^^^^^^^^^^^^^^
sqlite3.OperationalError: no such column: cart_item.quantity

The above exception was the direct cause of the following exception:

Traceback (most recent call last):
  File "/Library/Frameworks/Python.framework/Versions/3.14/lib/python3.14/site-packages/flask/app.py", line 1536, in __call__
    return self.wsgi_app(environ, start_response)
           ~~~~~~~~~~~~~^^^^^^^^^^^^^^^^^^^^^^^^^
  File "/Library/Frameworks/Python.framework/Versions/3.14/lib/python3.14/site-packages/flask/app.py", line 1514, in wsgi_app
    response = self.handle_exception(e)
  File "/Library/Frameworks/Python.framework/Versions/3.14/lib/python3.14/site-packages/flask_cors/extension.py", line 176, in wrapped_function
    return cors_after_request(app.make_response(f(*args, **kwargs)))
                                                ~^^^^^^^^^^^^^^^^^
  File "/Library/Frameworks/Python.framework/Versions/3.14/lib/python3.14/site-packages/flask/app.py", line 1511, in wsgi_app
    response = self.full_dispatch_request()
  File "/Library/Frameworks/Python.framework/Versions/3.14/lib/python3.14/site-packages/flask/app.py", line 919, in full_dispatch_request
    rv = self.handle_user_exception(e)
  File "/Library/Frameworks/Python.framework/Versions/3.14/lib/python3.14/site-packages/flask_cors/extension.py", line 176, in wrapped_function
    return cors_after_request(app.make_response(f(*args, **kwargs)))
                                                ~^^^^^^^^^^^^^^^^^
  File "/Library/Frameworks/Python.framework/Versions/3.14/lib/python3.14/site-packages/flask/app.py", line 917, in full_dispatch_request
    rv = self.dispatch_request()
  File "/Library/Frameworks/Python.framework/Versions/3.14/lib/python3.14/site-packages/flask/app.py", line 902, in dispatch_request
    return self.ensure_sync(self.view_functions[rule.endpoint])(**view_args)  # type: ignore[no-any-return]
           ~~~~~~~~~~~~~~~~~~~~~~~~~~~~~~~~~~~~~~~~~~~~~~~~~~~~^^^^^^^^^^^^^
  File "/Users/macbook/.gemini/antigravity/scratch/PETWEB.FINDER/backend/app.py", line 94, in add_to_cart
    existing = CartItem.query.filter_by(product_id=product_id).first()
  File "/Library/Frameworks/Python.framework/Versions/3.14/lib/python3.14/site-packages/sqlalchemy/orm/query.py", line 2759, in first
    return self.limit(1)._iter().first()  # type: ignore
           ~~~~~~~~~~~~~~~~~~~^^
  File "/Library/Frameworks/Python.framework/Versions/3.14/lib/python3.14/site-packages/sqlalchemy/orm/query.py", line 2857, in _iter
    result: Union[ScalarResult[_T], Result[_T]] = self.session.execute(
    
  File "/Library/Frameworks/Python.framework/Versions/3.14/lib/python3.14/site-packages/sqlalchemy/orm/session.py", line 2351, in execute
    return self._execute_internal(
    
  File "/Library/Frameworks/Python.framework/Versions/3.14/lib/python3.14/site-packages/sqlalchemy/orm/session.py", line 2249, in _execute_internal
    result: Result[Any] = compile_state_cls.orm_execute_statement(
    
  File "/Library/Frameworks/Python.framework/Versions/3.14/lib/python3.14/site-packages/sqlalchemy/orm/context.py", line 306, in orm_execute_statement
    result = conn.execute(
    
  File "/Library/Frameworks/Python.framework/Versions/3.14/lib/python3.14/site-packages/sqlalchemy/engine/base.py", line 1419, in execute
    return meth(
    
  File "/Library/Frameworks/Python.framework/Versions/3.14/lib/python3.14/site-packages/sqlalchemy/sql/elements.py", line 527, in _execute_on_connection
    return connection._execute_clauseelement(
    
  File "/Library/Frameworks/Python.framework/Versions/3.14/lib/python3.14/site-packages/sqlalchemy/engine/base.py", line 1641, in _execute_clauseelement
    ret = self._execute_context(
    
  File "/Library/Frameworks/Python.framework/Versions/3.14/lib/python3.14/site-packages/sqlalchemy/engine/base.py", line 1846, in _execute_context
    return self._exec_single_context(
    
  File "/Library/Frameworks/Python.framework/Versions/3.14/lib/python3.14/site-packages/sqlalchemy/engine/base.py", line 1986, in _exec_single_context
    self._handle_dbapi_exception(
    ^
  File "/Library/Frameworks/Python.framework/Versions/3.14/lib/python3.14/site-packages/sqlalchemy/engine/base.py", line 2363, in _handle_dbapi_exception
    raise sqlalchemy_exception.with_traceback(exc_info[2]) from e
  File "/Library/Frameworks/Python.framework/Versions/3.14/lib/python3.14/site-packages/sqlalchemy/engine/base.py", line 1967, in _exec_single_context
    self.dialect.do_execute(
    ^
  File "/Library/Frameworks/Python.framework/Versions/3.14/lib/python3.14/site-packages/sqlalchemy/engine/default.py", line 952, in do_execute
    cursor.execute(statement, parameters)
    ~~~~~~~~~~~~~~^^^^^^^^^^^^^^^^^^^^^^^
sqlalchemy.exc.OperationalError: (sqlite3.OperationalError) no such column: cart_item.quantity
[SQL: SELECT cart_item.id AS cart_item_id, cart_item.product_id AS cart_item_product_id, cart_item.quantity AS cart_item_quantity, cart_item.added_at AS cart_item_added_at 
FROM cart_item 
WHERE cart_item.product_id = ?
 LIMIT ? OFFSET ?]
[parameters: (2, 1, 0)]
(Background on this error at: https://sqlalche.me/e/20/e3q8)
127.0.0.1 - - [22/Apr/2026 22:11:56] "GET /api/market-pulse HTTP/1.1" 200 -
127.0.0.1 - - [22/Apr/2026 22:12:56] "GET /api/market-pulse HTTP/1.1" 200 -
127.0.0.1 - - [22/Apr/2026 22:13:56] "GET /api/market-pulse HTTP/1.1" 200 -
127.0.0.1 - - [22/Apr/2026 22:14:56] "GET /api/market-pulse HTTP/1.1" 200 -
127.0.0.1 - - [22/Apr/2026 22:15:54] "GET /api/market-pulse HTTP/1.1" 200 -
127.0.0.1 - - [22/Apr/2026 22:15:54] "GET /api/countries HTTP/1.1" 200 -
127.0.0.1 - - [22/Apr/2026 22:15:54] "[35m[1mGET /api/cart HTTP/1.1[0m" 500 -
Traceback (most recent call last):
  File "/Library/Frameworks/Python.framework/Versions/3.14/lib/python3.14/site-packages/sqlalchemy/engine/base.py", line 1967, in _exec_single_context
    self.dialect.do_execute(
    ^
  File "/Library/Frameworks/Python.framework/Versions/3.14/lib/python3.14/site-packages/sqlalchemy/engine/default.py", line 952, in do_execute
    cursor.execute(statement, parameters)
    ~~~~~~~~~~~~~~^^^^^^^^^^^^^^^^^^^^^^^
sqlite3.OperationalError: no such column: cart_item.quantity

The above exception was the direct cause of the following exception:

Traceback (most recent call last):
  File "/Library/Frameworks/Python.framework/Versions/3.14/lib/python3.14/site-packages/flask/app.py", line 1536, in __call__
    return self.wsgi_app(environ, start_response)
           ~~~~~~~~~~~~~^^^^^^^^^^^^^^^^^^^^^^^^^
  File "/Library/Frameworks/Python.framework/Versions/3.14/lib/python3.14/site-packages/flask/app.py", line 1514, in wsgi_app
    response = self.handle_exception(e)
  File "/Library/Frameworks/Python.framework/Versions/3.14/lib/python3.14/site-packages/flask_cors/extension.py", line 176, in wrapped_function
    return cors_after_request(app.make_response(f(*args, **kwargs)))
                                                ~^^^^^^^^^^^^^^^^^
  File "/Library/Frameworks/Python.framework/Versions/3.14/lib/python3.14/site-packages/flask/app.py", line 1511, in wsgi_app
    response = self.full_dispatch_request()
  File "/Library/Frameworks/Python.framework/Versions/3.14/lib/python3.14/site-packages/flask/app.py", line 919, in full_dispatch_request
    rv = self.handle_user_exception(e)
  File "/Library/Frameworks/Python.framework/Versions/3.14/lib/python3.14/site-packages/flask_cors/extension.py", line 176, in wrapped_function
    return cors_after_request(app.make_response(f(*args, **kwargs)))
                                                ~^^^^^^^^^^^^^^^^^
  File "/Library/Frameworks/Python.framework/Versions/3.14/lib/python3.14/site-packages/flask/app.py", line 917, in full_dispatch_request
    rv = self.dispatch_request()
  File "/Library/Frameworks/Python.framework/Versions/3.14/lib/python3.14/site-packages/flask/app.py", line 902, in dispatch_request
    return self.ensure_sync(self.view_functions[rule.endpoint])(**view_args)  # type: ignore[no-any-return]
           ~~~~~~~~~~~~~~~~~~~~~~~~~~~~~~~~~~~~~~~~~~~~~~~~~~~~^^^^^^^^^^^^^
  File "/Users/macbook/.gemini/antigravity/scratch/PETWEB.FINDER/backend/app.py", line 82, in get_cart
    items = CartItem.query.order_by(CartItem.added_at.desc()).all()
  File "/Library/Frameworks/Python.framework/Versions/3.14/lib/python3.14/site-packages/sqlalchemy/orm/query.py", line 2704, in all
    return self._iter().all()  # type: ignore
           ~~~~~~~~~~^^
  File "/Library/Frameworks/Python.framework/Versions/3.14/lib/python3.14/site-packages/sqlalchemy/orm/query.py", line 2857, in _iter
    result: Union[ScalarResult[_T], Result[_T]] = self.session.execute(
    
  File "/Library/Frameworks/Python.framework/Versions/3.14/lib/python3.14/site-packages/sqlalchemy/orm/session.py", line 2351, in execute
    return self._execute_internal(
    
  File "/Library/Frameworks/Python.framework/Versions/3.14/lib/python3.14/site-packages/sqlalchemy/orm/session.py", line 2249, in _execute_internal
    result: Result[Any] = compile_state_cls.orm_execute_statement(
    
  File "/Library/Frameworks/Python.framework/Versions/3.14/lib/python3.14/site-packages/sqlalchemy/orm/context.py", line 306, in orm_execute_statement
    result = conn.execute(
    
  File "/Library/Frameworks/Python.framework/Versions/3.14/lib/python3.14/site-packages/sqlalchemy/engine/base.py", line 1419, in execute
    return meth(
    
  File "/Library/Frameworks/Python.framework/Versions/3.14/lib/python3.14/site-packages/sqlalchemy/sql/elements.py", line 527, in _execute_on_connection
    return connection._execute_clauseelement(
    
  File "/Library/Frameworks/Python.framework/Versions/3.14/lib/python3.14/site-packages/sqlalchemy/engine/base.py", line 1641, in _execute_clauseelement
    ret = self._execute_context(
    
  File "/Library/Frameworks/Python.framework/Versions/3.14/lib/python3.14/site-packages/sqlalchemy/engine/base.py", line 1846, in _execute_context
    return self._exec_single_context(
    
  File "/Library/Frameworks/Python.framework/Versions/3.14/lib/python3.14/site-packages/sqlalchemy/engine/base.py", line 1986, in _exec_single_context
    self._handle_dbapi_exception(
    ^
  File "/Library/Frameworks/Python.framework/Versions/3.14/lib/python3.14/site-packages/sqlalchemy/engine/base.py", line 2363, in _handle_dbapi_exception
    raise sqlalchemy_exception.with_traceback(exc_info[2]) from e
  File "/Library/Frameworks/Python.framework/Versions/3.14/lib/python3.14/site-packages/sqlalchemy/engine/base.py", line 1967, in _exec_single_context
    self.dialect.do_execute(
    ^
  File "/Library/Frameworks/Python.framework/Versions/3.14/lib/python3.14/site-packages/sqlalchemy/engine/default.py", line 952, in do_execute
    cursor.execute(statement, parameters)
    ~~~~~~~~~~~~~~^^^^^^^^^^^^^^^^^^^^^^^
sqlalchemy.exc.OperationalError: (sqlite3.OperationalError) no such column: cart_item.quantity
[SQL: SELECT cart_item.id AS cart_item_id, cart_item.product_id AS cart_item_product_id, cart_item.quantity AS cart_item_quantity, cart_item.added_at AS cart_item_added_at 
FROM cart_item ORDER BY cart_item.added_at DESC]
(Background on this error at: https://sqlalche.me/e/20/e3q8)
127.0.0.1 - - [22/Apr/2026 22:15:55] "OPTIONS /api/search HTTP/1.1" 200 -
127.0.0.1 - - [22/Apr/2026 22:15:55] "POST /api/search HTTP/1.1" 200 -
127.0.0.1 - - [22/Apr/2026 22:16:04] "OPTIONS /api/cart HTTP/1.1" 200 -
127.0.0.1 - - [22/Apr/2026 22:16:04] "[35m[1mPOST /api/cart HTTP/1.1[0m" 500 -
Traceback (most recent call last):
  File "/Library/Frameworks/Python.framework/Versions/3.14/lib/python3.14/site-packages/sqlalchemy/engine/base.py", line 1967, in _exec_single_context
    self.dialect.do_execute(
    ^
  File "/Library/Frameworks/Python.framework/Versions/3.14/lib/python3.14/site-packages/sqlalchemy/engine/default.py", line 952, in do_execute
    cursor.execute(statement, parameters)
    ~~~~~~~~~~~~~~^^^^^^^^^^^^^^^^^^^^^^^
sqlite3.OperationalError: no such column: cart_item.quantity

The above exception was the direct cause of the following exception:

Traceback (most recent call last):
  File "/Library/Frameworks/Python.framework/Versions/3.14/lib/python3.14/site-packages/flask/app.py", line 1536, in __call__
    return self.wsgi_app(environ, start_response)
           ~~~~~~~~~~~~~^^^^^^^^^^^^^^^^^^^^^^^^^
  File "/Library/Frameworks/Python.framework/Versions/3.14/lib/python3.14/site-packages/flask/app.py", line 1514, in wsgi_app
    response = self.handle_exception(e)
  File "/Library/Frameworks/Python.framework/Versions/3.14/lib/python3.14/site-packages/flask_cors/extension.py", line 176, in wrapped_function
    return cors_after_request(app.make_response(f(*args, **kwargs)))
                                                ~^^^^^^^^^^^^^^^^^
  File "/Library/Frameworks/Python.framework/Versions/3.14/lib/python3.14/site-packages/flask/app.py", line 1511, in wsgi_app
    response = self.full_dispatch_request()
  File "/Library/Frameworks/Python.framework/Versions/3.14/lib/python3.14/site-packages/flask/app.py", line 919, in full_dispatch_request
    rv = self.handle_user_exception(e)
  File "/Library/Frameworks/Python.framework/Versions/3.14/lib/python3.14/site-packages/flask_cors/extension.py", line 176, in wrapped_function
    return cors_after_request(app.make_response(f(*args, **kwargs)))
                                                ~^^^^^^^^^^^^^^^^^
  File "/Library/Frameworks/Python.framework/Versions/3.14/lib/python3.14/site-packages/flask/app.py", line 917, in full_dispatch_request
    rv = self.dispatch_request()
  File "/Library/Frameworks/Python.framework/Versions/3.14/lib/python3.14/site-packages/flask/app.py", line 902, in dispatch_request
    return self.ensure_sync(self.view_functions[rule.endpoint])(**view_args)  # type: ignore[no-any-return]
           ~~~~~~~~~~~~~~~~~~~~~~~~~~~~~~~~~~~~~~~~~~~~~~~~~~~~^^^^^^^^^^^^^
  File "/Users/macbook/.gemini/antigravity/scratch/PETWEB.FINDER/backend/app.py", line 94, in add_to_cart
    existing = CartItem.query.filter_by(product_id=product_id).first()
  File "/Library/Frameworks/Python.framework/Versions/3.14/lib/python3.14/site-packages/sqlalchemy/orm/query.py", line 2759, in first
    return self.limit(1)._iter().first()  # type: ignore
           ~~~~~~~~~~~~~~~~~~~^^
  File "/Library/Frameworks/Python.framework/Versions/3.14/lib/python3.14/site-packages/sqlalchemy/orm/query.py", line 2857, in _iter
    result: Union[ScalarResult[_T], Result[_T]] = self.session.execute(
    
  File "/Library/Frameworks/Python.framework/Versions/3.14/lib/python3.14/site-packages/sqlalchemy/orm/session.py", line 2351, in execute
    return self._execute_internal(
    
  File "/Library/Frameworks/Python.framework/Versions/3.14/lib/python3.14/site-packages/sqlalchemy/orm/session.py", line 2249, in _execute_internal
    result: Result[Any] = compile_state_cls.orm_execute_statement(
    
  File "/Library/Frameworks/Python.framework/Versions/3.14/lib/python3.14/site-packages/sqlalchemy/orm/context.py", line 306, in orm_execute_statement
    result = conn.execute(
    
  File "/Library/Frameworks/Python.framework/Versions/3.14/lib/python3.14/site-packages/sqlalchemy/engine/base.py", line 1419, in execute
    return meth(
    
  File "/Library/Frameworks/Python.framework/Versions/3.14/lib/python3.14/site-packages/sqlalchemy/sql/elements.py", line 527, in _execute_on_connection
    return connection._execute_clauseelement(
    
  File "/Library/Frameworks/Python.framework/Versions/3.14/lib/python3.14/site-packages/sqlalchemy/engine/base.py", line 1641, in _execute_clauseelement
    ret = self._execute_context(
    
  File "/Library/Frameworks/Python.framework/Versions/3.14/lib/python3.14/site-packages/sqlalchemy/engine/base.py", line 1846, in _execute_context
    return self._exec_single_context(
    
  File "/Library/Frameworks/Python.framework/Versions/3.14/lib/python3.14/site-packages/sqlalchemy/engine/base.py", line 1986, in _exec_single_context
    self._handle_dbapi_exception(
    ^
  File "/Library/Frameworks/Python.framework/Versions/3.14/lib/python3.14/site-packages/sqlalchemy/engine/base.py", line 2363, in _handle_dbapi_exception
    raise sqlalchemy_exception.with_traceback(exc_info[2]) from e
  File "/Library/Frameworks/Python.framework/Versions/3.14/lib/python3.14/site-packages/sqlalchemy/engine/base.py", line 1967, in _exec_single_context
    self.dialect.do_execute(
    ^
  File "/Library/Frameworks/Python.framework/Versions/3.14/lib/python3.14/site-packages/sqlalchemy/engine/default.py", line 952, in do_execute
    cursor.execute(statement, parameters)
    ~~~~~~~~~~~~~~^^^^^^^^^^^^^^^^^^^^^^^
sqlalchemy.exc.OperationalError: (sqlite3.OperationalError) no such column: cart_item.quantity
[SQL: SELECT cart_item.id AS cart_item_id, cart_item.product_id AS cart_item_product_id, cart_item.quantity AS cart_item_quantity, cart_item.added_at AS cart_item_added_at 
FROM cart_item 
WHERE cart_item.product_id = ?
 LIMIT ? OFFSET ?]
[parameters: (1, 1, 0)]
(Background on this error at: https://sqlalche.me/e/20/e3q8)
127.0.0.1 - - [22/Apr/2026 22:16:04] "[35m[1mPOST /api/cart HTTP/1.1[0m" 500 -
Traceback (most recent call last):
  File "/Library/Frameworks/Python.framework/Versions/3.14/lib/python3.14/site-packages/sqlalchemy/engine/base.py", line 1967, in _exec_single_context
    self.dialect.do_execute(
    ^
  File "/Library/Frameworks/Python.framework/Versions/3.14/lib/python3.14/site-packages/sqlalchemy/engine/default.py", line 952, in do_execute
    cursor.execute(statement, parameters)
    ~~~~~~~~~~~~~~^^^^^^^^^^^^^^^^^^^^^^^
sqlite3.OperationalError: no such column: cart_item.quantity

The above exception was the direct cause of the following exception:

Traceback (most recent call last):
  File "/Library/Frameworks/Python.framework/Versions/3.14/lib/python3.14/site-packages/flask/app.py", line 1536, in __call__
    return self.wsgi_app(environ, start_response)
           ~~~~~~~~~~~~~^^^^^^^^^^^^^^^^^^^^^^^^^
  File "/Library/Frameworks/Python.framework/Versions/3.14/lib/python3.14/site-packages/flask/app.py", line 1514, in wsgi_app
    response = self.handle_exception(e)
  File "/Library/Frameworks/Python.framework/Versions/3.14/lib/python3.14/site-packages/flask_cors/extension.py", line 176, in wrapped_function
    return cors_after_request(app.make_response(f(*args, **kwargs)))
                                                ~^^^^^^^^^^^^^^^^^
  File "/Library/Frameworks/Python.framework/Versions/3.14/lib/python3.14/site-packages/flask/app.py", line 1511, in wsgi_app
    response = self.full_dispatch_request()
  File "/Library/Frameworks/Python.framework/Versions/3.14/lib/python3.14/site-packages/flask/app.py", line 919, in full_dispatch_request
    rv = self.handle_user_exception(e)
  File "/Library/Frameworks/Python.framework/Versions/3.14/lib/python3.14/site-packages/flask_cors/extension.py", line 176, in wrapped_function
    return cors_after_request(app.make_response(f(*args, **kwargs)))
                                                ~^^^^^^^^^^^^^^^^^
  File "/Library/Frameworks/Python.framework/Versions/3.14/lib/python3.14/site-packages/flask/app.py", line 917, in full_dispatch_request
    rv = self.dispatch_request()
  File "/Library/Frameworks/Python.framework/Versions/3.14/lib/python3.14/site-packages/flask/app.py", line 902, in dispatch_request
    return self.ensure_sync(self.view_functions[rule.endpoint])(**view_args)  # type: ignore[no-any-return]
           ~~~~~~~~~~~~~~~~~~~~~~~~~~~~~~~~~~~~~~~~~~~~~~~~~~~~^^^^^^^^^^^^^
  File "/Users/macbook/.gemini/antigravity/scratch/PETWEB.FINDER/backend/app.py", line 94, in add_to_cart
    existing = CartItem.query.filter_by(product_id=product_id).first()
  File "/Library/Frameworks/Python.framework/Versions/3.14/lib/python3.14/site-packages/sqlalchemy/orm/query.py", line 2759, in first
    return self.limit(1)._iter().first()  # type: ignore
           ~~~~~~~~~~~~~~~~~~~^^
  File "/Library/Frameworks/Python.framework/Versions/3.14/lib/python3.14/site-packages/sqlalchemy/orm/query.py", line 2857, in _iter
    result: Union[ScalarResult[_T], Result[_T]] = self.session.execute(
    
  File "/Library/Frameworks/Python.framework/Versions/3.14/lib/python3.14/site-packages/sqlalchemy/orm/session.py", line 2351, in execute
    return self._execute_internal(
    
  File "/Library/Frameworks/Python.framework/Versions/3.14/lib/python3.14/site-packages/sqlalchemy/orm/session.py", line 2249, in _execute_internal
    result: Result[Any] = compile_state_cls.orm_execute_statement(
    
  File "/Library/Frameworks/Python.framework/Versions/3.14/lib/python3.14/site-packages/sqlalchemy/orm/context.py", line 306, in orm_execute_statement
    result = conn.execute(
    
  File "/Library/Frameworks/Python.framework/Versions/3.14/lib/python3.14/site-packages/sqlalchemy/engine/base.py", line 1419, in execute
    return meth(
    
  File "/Library/Frameworks/Python.framework/Versions/3.14/lib/python3.14/site-packages/sqlalchemy/sql/elements.py", line 527, in _execute_on_connection
    return connection._execute_clauseelement(
    
  File "/Library/Frameworks/Python.framework/Versions/3.14/lib/python3.14/site-packages/sqlalchemy/engine/base.py", line 1641, in _execute_clauseelement
    ret = self._execute_context(
    
  File "/Library/Frameworks/Python.framework/Versions/3.14/lib/python3.14/site-packages/sqlalchemy/engine/base.py", line 1846, in _execute_context
    return self._exec_single_context(
    
  File "/Library/Frameworks/Python.framework/Versions/3.14/lib/python3.14/site-packages/sqlalchemy/engine/base.py", line 1986, in _exec_single_context
    self._handle_dbapi_exception(
    ^
  File "/Library/Frameworks/Python.framework/Versions/3.14/lib/python3.14/site-packages/sqlalchemy/engine/base.py", line 2363, in _handle_dbapi_exception
    raise sqlalchemy_exception.with_traceback(exc_info[2]) from e
  File "/Library/Frameworks/Python.framework/Versions/3.14/lib/python3.14/site-packages/sqlalchemy/engine/base.py", line 1967, in _exec_single_context
    self.dialect.do_execute(
    ^
  File "/Library/Frameworks/Python.framework/Versions/3.14/lib/python3.14/site-packages/sqlalchemy/engine/default.py", line 952, in do_execute
    cursor.execute(statement, parameters)
    ~~~~~~~~~~~~~~^^^^^^^^^^^^^^^^^^^^^^^
sqlalchemy.exc.OperationalError: (sqlite3.OperationalError) no such column: cart_item.quantity
[SQL: SELECT cart_item.id AS cart_item_id, cart_item.product_id AS cart_item_product_id, cart_item.quantity AS cart_item_quantity, cart_item.added_at AS cart_item_added_at 
FROM cart_item 
WHERE cart_item.product_id = ?
 LIMIT ? OFFSET ?]
[parameters: (1, 1, 0)]
(Background on this error at: https://sqlalche.me/e/20/e3q8)
127.0.0.1 - - [22/Apr/2026 22:16:05] "[35m[1mPOST /api/cart HTTP/1.1[0m" 500 -
Traceback (most recent call last):
  File "/Library/Frameworks/Python.framework/Versions/3.14/lib/python3.14/site-packages/sqlalchemy/engine/base.py", line 1967, in _exec_single_context
    self.dialect.do_execute(
    ^
  File "/Library/Frameworks/Python.framework/Versions/3.14/lib/python3.14/site-packages/sqlalchemy/engine/default.py", line 952, in do_execute
    cursor.execute(statement, parameters)
    ~~~~~~~~~~~~~~^^^^^^^^^^^^^^^^^^^^^^^
sqlite3.OperationalError: no such column: cart_item.quantity

The above exception was the direct cause of the following exception:

Traceback (most recent call last):
  File "/Library/Frameworks/Python.framework/Versions/3.14/lib/python3.14/site-packages/flask/app.py", line 1536, in __call__
    return self.wsgi_app(environ, start_response)
           ~~~~~~~~~~~~~^^^^^^^^^^^^^^^^^^^^^^^^^
  File "/Library/Frameworks/Python.framework/Versions/3.14/lib/python3.14/site-packages/flask/app.py", line 1514, in wsgi_app
    response = self.handle_exception(e)
  File "/Library/Frameworks/Python.framework/Versions/3.14/lib/python3.14/site-packages/flask_cors/extension.py", line 176, in wrapped_function
    return cors_after_request(app.make_response(f(*args, **kwargs)))
                                                ~^^^^^^^^^^^^^^^^^
  File "/Library/Frameworks/Python.framework/Versions/3.14/lib/python3.14/site-packages/flask/app.py", line 1511, in wsgi_app
    response = self.full_dispatch_request()
  File "/Library/Frameworks/Python.framework/Versions/3.14/lib/python3.14/site-packages/flask/app.py", line 919, in full_dispatch_request
    rv = self.handle_user_exception(e)
  File "/Library/Frameworks/Python.framework/Versions/3.14/lib/python3.14/site-packages/flask_cors/extension.py", line 176, in wrapped_function
    return cors_after_request(app.make_response(f(*args, **kwargs)))
                                                ~^^^^^^^^^^^^^^^^^
  File "/Library/Frameworks/Python.framework/Versions/3.14/lib/python3.14/site-packages/flask/app.py", line 917, in full_dispatch_request
    rv = self.dispatch_request()
  File "/Library/Frameworks/Python.framework/Versions/3.14/lib/python3.14/site-packages/flask/app.py", line 902, in dispatch_request
    return self.ensure_sync(self.view_functions[rule.endpoint])(**view_args)  # type: ignore[no-any-return]
           ~~~~~~~~~~~~~~~~~~~~~~~~~~~~~~~~~~~~~~~~~~~~~~~~~~~~^^^^^^^^^^^^^
  File "/Users/macbook/.gemini/antigravity/scratch/PETWEB.FINDER/backend/app.py", line 94, in add_to_cart
    existing = CartItem.query.filter_by(product_id=product_id).first()
  File "/Library/Frameworks/Python.framework/Versions/3.14/lib/python3.14/site-packages/sqlalchemy/orm/query.py", line 2759, in first
    return self.limit(1)._iter().first()  # type: ignore
           ~~~~~~~~~~~~~~~~~~~^^
  File "/Library/Frameworks/Python.framework/Versions/3.14/lib/python3.14/site-packages/sqlalchemy/orm/query.py", line 2857, in _iter
    result: Union[ScalarResult[_T], Result[_T]] = self.session.execute(
    
  File "/Library/Frameworks/Python.framework/Versions/3.14/lib/python3.14/site-packages/sqlalchemy/orm/session.py", line 2351, in execute
    return self._execute_internal(
    
  File "/Library/Frameworks/Python.framework/Versions/3.14/lib/python3.14/site-packages/sqlalchemy/orm/session.py", line 2249, in _execute_internal
    result: Result[Any] = compile_state_cls.orm_execute_statement(
    
  File "/Library/Frameworks/Python.framework/Versions/3.14/lib/python3.14/site-packages/sqlalchemy/orm/context.py", line 306, in orm_execute_statement
    result = conn.execute(
    
  File "/Library/Frameworks/Python.framework/Versions/3.14/lib/python3.14/site-packages/sqlalchemy/engine/base.py", line 1419, in execute
    return meth(
    
  File "/Library/Frameworks/Python.framework/Versions/3.14/lib/python3.14/site-packages/sqlalchemy/sql/elements.py", line 527, in _execute_on_connection
    return connection._execute_clauseelement(
    
  File "/Library/Frameworks/Python.framework/Versions/3.14/lib/python3.14/site-packages/sqlalchemy/engine/base.py", line 1641, in _execute_clauseelement
    ret = self._execute_context(
    
  File "/Library/Frameworks/Python.framework/Versions/3.14/lib/python3.14/site-packages/sqlalchemy/engine/base.py", line 1846, in _execute_context
    return self._exec_single_context(
    
  File "/Library/Frameworks/Python.framework/Versions/3.14/lib/python3.14/site-packages/sqlalchemy/engine/base.py", line 1986, in _exec_single_context
    self._handle_dbapi_exception(
    ^
  File "/Library/Frameworks/Python.framework/Versions/3.14/lib/python3.14/site-packages/sqlalchemy/engine/base.py", line 2363, in _handle_dbapi_exception
    raise sqlalchemy_exception.with_traceback(exc_info[2]) from e
  File "/Library/Frameworks/Python.framework/Versions/3.14/lib/python3.14/site-packages/sqlalchemy/engine/base.py", line 1967, in _exec_single_context
    self.dialect.do_execute(
    ^
  File "/Library/Frameworks/Python.framework/Versions/3.14/lib/python3.14/site-packages/sqlalchemy/engine/default.py", line 952, in do_execute
    cursor.execute(statement, parameters)
    ~~~~~~~~~~~~~~^^^^^^^^^^^^^^^^^^^^^^^
sqlalchemy.exc.OperationalError: (sqlite3.OperationalError) no such column: cart_item.quantity
[SQL: SELECT cart_item.id AS cart_item_id, cart_item.product_id AS cart_item_product_id, cart_item.quantity AS cart_item_quantity, cart_item.added_at AS cart_item_added_at 
FROM cart_item 
WHERE cart_item.product_id = ?
 LIMIT ? OFFSET ?]
[parameters: (1, 1, 0)]
(Background on this error at: https://sqlalche.me/e/20/e3q8)
127.0.0.1 - - [22/Apr/2026 22:16:06] "[35m[1mPOST /api/cart HTTP/1.1[0m" 500 -
Traceback (most recent call last):
  File "/Library/Frameworks/Python.framework/Versions/3.14/lib/python3.14/site-packages/sqlalchemy/engine/base.py", line 1967, in _exec_single_context
    self.dialect.do_execute(
    ^
  File "/Library/Frameworks/Python.framework/Versions/3.14/lib/python3.14/site-packages/sqlalchemy/engine/default.py", line 952, in do_execute
    cursor.execute(statement, parameters)
    ~~~~~~~~~~~~~~^^^^^^^^^^^^^^^^^^^^^^^
sqlite3.OperationalError: no such column: cart_item.quantity

The above exception was the direct cause of the following exception:

Traceback (most recent call last):
  File "/Library/Frameworks/Python.framework/Versions/3.14/lib/python3.14/site-packages/flask/app.py", line 1536, in __call__
    return self.wsgi_app(environ, start_response)
           ~~~~~~~~~~~~~^^^^^^^^^^^^^^^^^^^^^^^^^
  File "/Library/Frameworks/Python.framework/Versions/3.14/lib/python3.14/site-packages/flask/app.py", line 1514, in wsgi_app
    response = self.handle_exception(e)
  File "/Library/Frameworks/Python.framework/Versions/3.14/lib/python3.14/site-packages/flask_cors/extension.py", line 176, in wrapped_function
    return cors_after_request(app.make_response(f(*args, **kwargs)))
                                                ~^^^^^^^^^^^^^^^^^
  File "/Library/Frameworks/Python.framework/Versions/3.14/lib/python3.14/site-packages/flask/app.py", line 1511, in wsgi_app
    response = self.full_dispatch_request()
  File "/Library/Frameworks/Python.framework/Versions/3.14/lib/python3.14/site-packages/flask/app.py", line 919, in full_dispatch_request
    rv = self.handle_user_exception(e)
  File "/Library/Frameworks/Python.framework/Versions/3.14/lib/python3.14/site-packages/flask_cors/extension.py", line 176, in wrapped_function
    return cors_after_request(app.make_response(f(*args, **kwargs)))
                                                ~^^^^^^^^^^^^^^^^^
  File "/Library/Frameworks/Python.framework/Versions/3.14/lib/python3.14/site-packages/flask/app.py", line 917, in full_dispatch_request
    rv = self.dispatch_request()
  File "/Library/Frameworks/Python.framework/Versions/3.14/lib/python3.14/site-packages/flask/app.py", line 902, in dispatch_request
    return self.ensure_sync(self.view_functions[rule.endpoint])(**view_args)  # type: ignore[no-any-return]
           ~~~~~~~~~~~~~~~~~~~~~~~~~~~~~~~~~~~~~~~~~~~~~~~~~~~~^^^^^^^^^^^^^
  File "/Users/macbook/.gemini/antigravity/scratch/PETWEB.FINDER/backend/app.py", line 94, in add_to_cart
    existing = CartItem.query.filter_by(product_id=product_id).first()
  File "/Library/Frameworks/Python.framework/Versions/3.14/lib/python3.14/site-packages/sqlalchemy/orm/query.py", line 2759, in first
    return self.limit(1)._iter().first()  # type: ignore
           ~~~~~~~~~~~~~~~~~~~^^
  File "/Library/Frameworks/Python.framework/Versions/3.14/lib/python3.14/site-packages/sqlalchemy/orm/query.py", line 2857, in _iter
    result: Union[ScalarResult[_T], Result[_T]] = self.session.execute(
    
  File "/Library/Frameworks/Python.framework/Versions/3.14/lib/python3.14/site-packages/sqlalchemy/orm/session.py", line 2351, in execute
    return self._execute_internal(
    
  File "/Library/Frameworks/Python.framework/Versions/3.14/lib/python3.14/site-packages/sqlalchemy/orm/session.py", line 2249, in _execute_internal
    result: Result[Any] = compile_state_cls.orm_execute_statement(
    
  File "/Library/Frameworks/Python.framework/Versions/3.14/lib/python3.14/site-packages/sqlalchemy/orm/context.py", line 306, in orm_execute_statement
    result = conn.execute(
    
  File "/Library/Frameworks/Python.framework/Versions/3.14/lib/python3.14/site-packages/sqlalchemy/engine/base.py", line 1419, in execute
    return meth(
    
  File "/Library/Frameworks/Python.framework/Versions/3.14/lib/python3.14/site-packages/sqlalchemy/sql/elements.py", line 527, in _execute_on_connection
    return connection._execute_clauseelement(
    
  File "/Library/Frameworks/Python.framework/Versions/3.14/lib/python3.14/site-packages/sqlalchemy/engine/base.py", line 1641, in _execute_clauseelement
    ret = self._execute_context(
    
  File "/Library/Frameworks/Python.framework/Versions/3.14/lib/python3.14/site-packages/sqlalchemy/engine/base.py", line 1846, in _execute_context
    return self._exec_single_context(
    
  File "/Library/Frameworks/Python.framework/Versions/3.14/lib/python3.14/site-packages/sqlalchemy/engine/base.py", line 1986, in _exec_single_context
    self._handle_dbapi_exception(
    ^
  File "/Library/Frameworks/Python.framework/Versions/3.14/lib/python3.14/site-packages/sqlalchemy/engine/base.py", line 2363, in _handle_dbapi_exception
    raise sqlalchemy_exception.with_traceback(exc_info[2]) from e
  File "/Library/Frameworks/Python.framework/Versions/3.14/lib/python3.14/site-packages/sqlalchemy/engine/base.py", line 1967, in _exec_single_context
    self.dialect.do_execute(
    ^
  File "/Library/Frameworks/Python.framework/Versions/3.14/lib/python3.14/site-packages/sqlalchemy/engine/default.py", line 952, in do_execute
    cursor.execute(statement, parameters)
    ~~~~~~~~~~~~~~^^^^^^^^^^^^^^^^^^^^^^^
sqlalchemy.exc.OperationalError: (sqlite3.OperationalError) no such column: cart_item.quantity
[SQL: SELECT cart_item.id AS cart_item_id, cart_item.product_id AS cart_item_product_id, cart_item.quantity AS cart_item_quantity, cart_item.added_at AS cart_item_added_at 
FROM cart_item 
WHERE cart_item.product_id = ?
 LIMIT ? OFFSET ?]
[parameters: (1, 1, 0)]
(Background on this error at: https://sqlalche.me/e/20/e3q8)
127.0.0.1 - - [22/Apr/2026 22:16:08] "[35m[1mPOST /api/cart HTTP/1.1[0m" 500 -
Traceback (most recent call last):
  File "/Library/Frameworks/Python.framework/Versions/3.14/lib/python3.14/site-packages/sqlalchemy/engine/base.py", line 1967, in _exec_single_context
    self.dialect.do_execute(
    ^
  File "/Library/Frameworks/Python.framework/Versions/3.14/lib/python3.14/site-packages/sqlalchemy/engine/default.py", line 952, in do_execute
    cursor.execute(statement, parameters)
    ~~~~~~~~~~~~~~^^^^^^^^^^^^^^^^^^^^^^^
sqlite3.OperationalError: no such column: cart_item.quantity

The above exception was the direct cause of the following exception:

Traceback (most recent call last):
  File "/Library/Frameworks/Python.framework/Versions/3.14/lib/python3.14/site-packages/flask/app.py", line 1536, in __call__
    return self.wsgi_app(environ, start_response)
           ~~~~~~~~~~~~~^^^^^^^^^^^^^^^^^^^^^^^^^
  File "/Library/Frameworks/Python.framework/Versions/3.14/lib/python3.14/site-packages/flask/app.py", line 1514, in wsgi_app
    response = self.handle_exception(e)
  File "/Library/Frameworks/Python.framework/Versions/3.14/lib/python3.14/site-packages/flask_cors/extension.py", line 176, in wrapped_function
    return cors_after_request(app.make_response(f(*args, **kwargs)))
                                                ~^^^^^^^^^^^^^^^^^
  File "/Library/Frameworks/Python.framework/Versions/3.14/lib/python3.14/site-packages/flask/app.py", line 1511, in wsgi_app
    response = self.full_dispatch_request()
  File "/Library/Frameworks/Python.framework/Versions/3.14/lib/python3.14/site-packages/flask/app.py", line 919, in full_dispatch_request
    rv = self.handle_user_exception(e)
  File "/Library/Frameworks/Python.framework/Versions/3.14/lib/python3.14/site-packages/flask_cors/extension.py", line 176, in wrapped_function
    return cors_after_request(app.make_response(f(*args, **kwargs)))
                                                ~^^^^^^^^^^^^^^^^^
  File "/Library/Frameworks/Python.framework/Versions/3.14/lib/python3.14/site-packages/flask/app.py", line 917, in full_dispatch_request
    rv = self.dispatch_request()
  File "/Library/Frameworks/Python.framework/Versions/3.14/lib/python3.14/site-packages/flask/app.py", line 902, in dispatch_request
    return self.ensure_sync(self.view_functions[rule.endpoint])(**view_args)  # type: ignore[no-any-return]
           ~~~~~~~~~~~~~~~~~~~~~~~~~~~~~~~~~~~~~~~~~~~~~~~~~~~~^^^^^^^^^^^^^
  File "/Users/macbook/.gemini/antigravity/scratch/PETWEB.FINDER/backend/app.py", line 94, in add_to_cart
    existing = CartItem.query.filter_by(product_id=product_id).first()
  File "/Library/Frameworks/Python.framework/Versions/3.14/lib/python3.14/site-packages/sqlalchemy/orm/query.py", line 2759, in first
    return self.limit(1)._iter().first()  # type: ignore
           ~~~~~~~~~~~~~~~~~~~^^
  File "/Library/Frameworks/Python.framework/Versions/3.14/lib/python3.14/site-packages/sqlalchemy/orm/query.py", line 2857, in _iter
    result: Union[ScalarResult[_T], Result[_T]] = self.session.execute(
    
  File "/Library/Frameworks/Python.framework/Versions/3.14/lib/python3.14/site-packages/sqlalchemy/orm/session.py", line 2351, in execute
    return self._execute_internal(
    
  File "/Library/Frameworks/Python.framework/Versions/3.14/lib/python3.14/site-packages/sqlalchemy/orm/session.py", line 2249, in _execute_internal
    result: Result[Any] = compile_state_cls.orm_execute_statement(
    
  File "/Library/Frameworks/Python.framework/Versions/3.14/lib/python3.14/site-packages/sqlalchemy/orm/context.py", line 306, in orm_execute_statement
    result = conn.execute(
    
  File "/Library/Frameworks/Python.framework/Versions/3.14/lib/python3.14/site-packages/sqlalchemy/engine/base.py", line 1419, in execute
    return meth(
    
  File "/Library/Frameworks/Python.framework/Versions/3.14/lib/python3.14/site-packages/sqlalchemy/sql/elements.py", line 527, in _execute_on_connection
    return connection._execute_clauseelement(
    
  File "/Library/Frameworks/Python.framework/Versions/3.14/lib/python3.14/site-packages/sqlalchemy/engine/base.py", line 1641, in _execute_clauseelement
    ret = self._execute_context(
    
  File "/Library/Frameworks/Python.framework/Versions/3.14/lib/python3.14/site-packages/sqlalchemy/engine/base.py", line 1846, in _execute_context
    return self._exec_single_context(
    
  File "/Library/Frameworks/Python.framework/Versions/3.14/lib/python3.14/site-packages/sqlalchemy/engine/base.py", line 1986, in _exec_single_context
    self._handle_dbapi_exception(
    ^
  File "/Library/Frameworks/Python.framework/Versions/3.14/lib/python3.14/site-packages/sqlalchemy/engine/base.py", line 2363, in _handle_dbapi_exception
    raise sqlalchemy_exception.with_traceback(exc_info[2]) from e
  File "/Library/Frameworks/Python.framework/Versions/3.14/lib/python3.14/site-packages/sqlalchemy/engine/base.py", line 1967, in _exec_single_context
    self.dialect.do_execute(
    ^
  File "/Library/Frameworks/Python.framework/Versions/3.14/lib/python3.14/site-packages/sqlalchemy/engine/default.py", line 952, in do_execute
    cursor.execute(statement, parameters)
    ~~~~~~~~~~~~~~^^^^^^^^^^^^^^^^^^^^^^^
sqlalchemy.exc.OperationalError: (sqlite3.OperationalError) no such column: cart_item.quantity
[SQL: SELECT cart_item.id AS cart_item_id, cart_item.product_id AS cart_item_product_id, cart_item.quantity AS cart_item_quantity, cart_item.added_at AS cart_item_added_at 
FROM cart_item 
WHERE cart_item.product_id = ?
 LIMIT ? OFFSET ?]
[parameters: (1, 1, 0)]
(Background on this error at: https://sqlalche.me/e/20/e3q8)
127.0.0.1 - - [22/Apr/2026 22:16:54] "GET /api/market-pulse HTTP/1.1" 200 -
127.0.0.1 - - [22/Apr/2026 22:17:54] "GET /api/market-pulse HTTP/1.1" 200 -
127.0.0.1 - - [22/Apr/2026 22:18:46] "GET /api/orders HTTP/1.1" 200 -
127.0.0.1 - - [22/Apr/2026 22:18:46] "[35m[1mGET /api/cart HTTP/1.1[0m" 500 -
Traceback (most recent call last):
  File "/Library/Frameworks/Python.framework/Versions/3.14/lib/python3.14/site-packages/sqlalchemy/engine/base.py", line 1967, in _exec_single_context
    self.dialect.do_execute(
    ^
  File "/Library/Frameworks/Python.framework/Versions/3.14/lib/python3.14/site-packages/sqlalchemy/engine/default.py", line 952, in do_execute
    cursor.execute(statement, parameters)
    ~~~~~~~~~~~~~~^^^^^^^^^^^^^^^^^^^^^^^
sqlite3.OperationalError: no such column: cart_item.quantity

The above exception was the direct cause of the following exception:

Traceback (most recent call last):
  File "/Library/Frameworks/Python.framework/Versions/3.14/lib/python3.14/site-packages/flask/app.py", line 1536, in __call__
    return self.wsgi_app(environ, start_response)
           ~~~~~~~~~~~~~^^^^^^^^^^^^^^^^^^^^^^^^^
  File "/Library/Frameworks/Python.framework/Versions/3.14/lib/python3.14/site-packages/flask/app.py", line 1514, in wsgi_app
    response = self.handle_exception(e)
  File "/Library/Frameworks/Python.framework/Versions/3.14/lib/python3.14/site-packages/flask_cors/extension.py", line 176, in wrapped_function
    return cors_after_request(app.make_response(f(*args, **kwargs)))
                                                ~^^^^^^^^^^^^^^^^^
  File "/Library/Frameworks/Python.framework/Versions/3.14/lib/python3.14/site-packages/flask/app.py", line 1511, in wsgi_app
    response = self.full_dispatch_request()
  File "/Library/Frameworks/Python.framework/Versions/3.14/lib/python3.14/site-packages/flask/app.py", line 919, in full_dispatch_request
    rv = self.handle_user_exception(e)
  File "/Library/Frameworks/Python.framework/Versions/3.14/lib/python3.14/site-packages/flask_cors/extension.py", line 176, in wrapped_function
    return cors_after_request(app.make_response(f(*args, **kwargs)))
                                                ~^^^^^^^^^^^^^^^^^
  File "/Library/Frameworks/Python.framework/Versions/3.14/lib/python3.14/site-packages/flask/app.py", line 917, in full_dispatch_request
    rv = self.dispatch_request()
  File "/Library/Frameworks/Python.framework/Versions/3.14/lib/python3.14/site-packages/flask/app.py", line 902, in dispatch_request
    return self.ensure_sync(self.view_functions[rule.endpoint])(**view_args)  # type: ignore[no-any-return]
           ~~~~~~~~~~~~~~~~~~~~~~~~~~~~~~~~~~~~~~~~~~~~~~~~~~~~^^^^^^^^^^^^^
  File "/Users/macbook/.gemini/antigravity/scratch/PETWEB.FINDER/backend/app.py", line 82, in get_cart
    items = CartItem.query.order_by(CartItem.added_at.desc()).all()
  File "/Library/Frameworks/Python.framework/Versions/3.14/lib/python3.14/site-packages/sqlalchemy/orm/query.py", line 2704, in all
    return self._iter().all()  # type: ignore
           ~~~~~~~~~~^^
  File "/Library/Frameworks/Python.framework/Versions/3.14/lib/python3.14/site-packages/sqlalchemy/orm/query.py", line 2857, in _iter
    result: Union[ScalarResult[_T], Result[_T]] = self.session.execute(
    
  File "/Library/Frameworks/Python.framework/Versions/3.14/lib/python3.14/site-packages/sqlalchemy/orm/session.py", line 2351, in execute
    return self._execute_internal(
    
  File "/Library/Frameworks/Python.framework/Versions/3.14/lib/python3.14/site-packages/sqlalchemy/orm/session.py", line 2249, in _execute_internal
    result: Result[Any] = compile_state_cls.orm_execute_statement(
    
  File "/Library/Frameworks/Python.framework/Versions/3.14/lib/python3.14/site-packages/sqlalchemy/orm/context.py", line 306, in orm_execute_statement
    result = conn.execute(
    
  File "/Library/Frameworks/Python.framework/Versions/3.14/lib/python3.14/site-packages/sqlalchemy/engine/base.py", line 1419, in execute
    return meth(
    
  File "/Library/Frameworks/Python.framework/Versions/3.14/lib/python3.14/site-packages/sqlalchemy/sql/elements.py", line 527, in _execute_on_connection
    return connection._execute_clauseelement(
    
  File "/Library/Frameworks/Python.framework/Versions/3.14/lib/python3.14/site-packages/sqlalchemy/engine/base.py", line 1641, in _execute_clauseelement
    ret = self._execute_context(
    
  File "/Library/Frameworks/Python.framework/Versions/3.14/lib/python3.14/site-packages/sqlalchemy/engine/base.py", line 1846, in _execute_context
    return self._exec_single_context(
    
  File "/Library/Frameworks/Python.framework/Versions/3.14/lib/python3.14/site-packages/sqlalchemy/engine/base.py", line 1986, in _exec_single_context
    self._handle_dbapi_exception(
    ^
  File "/Library/Frameworks/Python.framework/Versions/3.14/lib/python3.14/site-packages/sqlalchemy/engine/base.py", line 2363, in _handle_dbapi_exception
    raise sqlalchemy_exception.with_traceback(exc_info[2]) from e
  File "/Library/Frameworks/Python.framework/Versions/3.14/lib/python3.14/site-packages/sqlalchemy/engine/base.py", line 1967, in _exec_single_context
    self.dialect.do_execute(
    ^
  File "/Library/Frameworks/Python.framework/Versions/3.14/lib/python3.14/site-packages/sqlalchemy/engine/default.py", line 952, in do_execute
    cursor.execute(statement, parameters)
    ~~~~~~~~~~~~~~^^^^^^^^^^^^^^^^^^^^^^^
sqlalchemy.exc.OperationalError: (sqlite3.OperationalError) no such column: cart_item.quantity
[SQL: SELECT cart_item.id AS cart_item_id, cart_item.product_id AS cart_item_product_id, cart_item.quantity AS cart_item_quantity, cart_item.added_at AS cart_item_added_at 
FROM cart_item ORDER BY cart_item.added_at DESC]
(Background on this error at: https://sqlalche.me/e/20/e3q8)
127.0.0.1 - - [22/Apr/2026 22:18:46] "[35m[1mGET /api/optimize HTTP/1.1[0m" 500 -
Traceback (most recent call last):
  File "/Library/Frameworks/Python.framework/Versions/3.14/lib/python3.14/site-packages/sqlalchemy/engine/base.py", line 1967, in _exec_single_context
    self.dialect.do_execute(
    ^
  File "/Library/Frameworks/Python.framework/Versions/3.14/lib/python3.14/site-packages/sqlalchemy/engine/default.py", line 952, in do_execute
    cursor.execute(statement, parameters)
    ~~~~~~~~~~~~~~^^^^^^^^^^^^^^^^^^^^^^^
sqlite3.OperationalError: no such column: cart_item.quantity

The above exception was the direct cause of the following exception:

Traceback (most recent call last):
  File "/Library/Frameworks/Python.framework/Versions/3.14/lib/python3.14/site-packages/flask/app.py", line 1536, in __call__
    return self.wsgi_app(environ, start_response)
           ~~~~~~~~~~~~~^^^^^^^^^^^^^^^^^^^^^^^^^
  File "/Library/Frameworks/Python.framework/Versions/3.14/lib/python3.14/site-packages/flask/app.py", line 1514, in wsgi_app
    response = self.handle_exception(e)
  File "/Library/Frameworks/Python.framework/Versions/3.14/lib/python3.14/site-packages/flask_cors/extension.py", line 176, in wrapped_function
    return cors_after_request(app.make_response(f(*args, **kwargs)))
                                                ~^^^^^^^^^^^^^^^^^
  File "/Library/Frameworks/Python.framework/Versions/3.14/lib/python3.14/site-packages/flask/app.py", line 1511, in wsgi_app
    response = self.full_dispatch_request()
  File "/Library/Frameworks/Python.framework/Versions/3.14/lib/python3.14/site-packages/flask/app.py", line 919, in full_dispatch_request
    rv = self.handle_user_exception(e)
  File "/Library/Frameworks/Python.framework/Versions/3.14/lib/python3.14/site-packages/flask_cors/extension.py", line 176, in wrapped_function
    return cors_after_request(app.make_response(f(*args, **kwargs)))
                                                ~^^^^^^^^^^^^^^^^^
  File "/Library/Frameworks/Python.framework/Versions/3.14/lib/python3.14/site-packages/flask/app.py", line 917, in full_dispatch_request
    rv = self.dispatch_request()
  File "/Library/Frameworks/Python.framework/Versions/3.14/lib/python3.14/site-packages/flask/app.py", line 902, in dispatch_request
    return self.ensure_sync(self.view_functions[rule.endpoint])(**view_args)  # type: ignore[no-any-return]
           ~~~~~~~~~~~~~~~~~~~~~~~~~~~~~~~~~~~~~~~~~~~~~~~~~~~~^^^^^^^^^^^^^
  File "/Users/macbook/.gemini/antigravity/scratch/PETWEB.FINDER/backend/app.py", line 170, in optimize_procurement
    cart_items = CartItem.query.all()
  File "/Library/Frameworks/Python.framework/Versions/3.14/lib/python3.14/site-packages/sqlalchemy/orm/query.py", line 2704, in all
    return self._iter().all()  # type: ignore
           ~~~~~~~~~~^^
  File "/Library/Frameworks/Python.framework/Versions/3.14/lib/python3.14/site-packages/sqlalchemy/orm/query.py", line 2857, in _iter
    result: Union[ScalarResult[_T], Result[_T]] = self.session.execute(
    
  File "/Library/Frameworks/Python.framework/Versions/3.14/lib/python3.14/site-packages/sqlalchemy/orm/session.py", line 2351, in execute
    return self._execute_internal(
    
  File "/Library/Frameworks/Python.framework/Versions/3.14/lib/python3.14/site-packages/sqlalchemy/orm/session.py", line 2249, in _execute_internal
    result: Result[Any] = compile_state_cls.orm_execute_statement(
    
  File "/Library/Frameworks/Python.framework/Versions/3.14/lib/python3.14/site-packages/sqlalchemy/orm/context.py", line 306, in orm_execute_statement
    result = conn.execute(
    
  File "/Library/Frameworks/Python.framework/Versions/3.14/lib/python3.14/site-packages/sqlalchemy/engine/base.py", line 1419, in execute
    return meth(
    
  File "/Library/Frameworks/Python.framework/Versions/3.14/lib/python3.14/site-packages/sqlalchemy/sql/elements.py", line 527, in _execute_on_connection
    return connection._execute_clauseelement(
    
  File "/Library/Frameworks/Python.framework/Versions/3.14/lib/python3.14/site-packages/sqlalchemy/engine/base.py", line 1641, in _execute_clauseelement
    ret = self._execute_context(
    
  File "/Library/Frameworks/Python.framework/Versions/3.14/lib/python3.14/site-packages/sqlalchemy/engine/base.py", line 1846, in _execute_context
    return self._exec_single_context(
    
  File "/Library/Frameworks/Python.framework/Versions/3.14/lib/python3.14/site-packages/sqlalchemy/engine/base.py", line 1986, in _exec_single_context
    self._handle_dbapi_exception(
    ^
  File "/Library/Frameworks/Python.framework/Versions/3.14/lib/python3.14/site-packages/sqlalchemy/engine/base.py", line 2363, in _handle_dbapi_exception
    raise sqlalchemy_exception.with_traceback(exc_info[2]) from e
  File "/Library/Frameworks/Python.framework/Versions/3.14/lib/python3.14/site-packages/sqlalchemy/engine/base.py", line 1967, in _exec_single_context
    self.dialect.do_execute(
    ^
  File "/Library/Frameworks/Python.framework/Versions/3.14/lib/python3.14/site-packages/sqlalchemy/engine/default.py", line 952, in do_execute
    cursor.execute(statement, parameters)
    ~~~~~~~~~~~~~~^^^^^^^^^^^^^^^^^^^^^^^
sqlalchemy.exc.OperationalError: (sqlite3.OperationalError) no such column: cart_item.quantity
[SQL: SELECT cart_item.id AS cart_item_id, cart_item.product_id AS cart_item_product_id, cart_item.quantity AS cart_item_quantity, cart_item.added_at AS cart_item_added_at 
FROM cart_item]
(Background on this error at: https://sqlalche.me/e/20/e3q8)
127.0.0.1 - - [22/Apr/2026 22:18:54] "GET /api/market-pulse HTTP/1.1" 200 -
127.0.0.1 - - [22/Apr/2026 22:19:02] "GET /api/market-pulse HTTP/1.1" 200 -
127.0.0.1 - - [22/Apr/2026 22:19:02] "GET /api/countries HTTP/1.1" 200 -
127.0.0.1 - - [22/Apr/2026 22:19:02] "[35m[1mGET /api/cart HTTP/1.1[0m" 500 -
Traceback (most recent call last):
  File "/Library/Frameworks/Python.framework/Versions/3.14/lib/python3.14/site-packages/sqlalchemy/engine/base.py", line 1967, in _exec_single_context
    self.dialect.do_execute(
    ^
  File "/Library/Frameworks/Python.framework/Versions/3.14/lib/python3.14/site-packages/sqlalchemy/engine/default.py", line 952, in do_execute
    cursor.execute(statement, parameters)
    ~~~~~~~~~~~~~~^^^^^^^^^^^^^^^^^^^^^^^
sqlite3.OperationalError: no such column: cart_item.quantity

The above exception was the direct cause of the following exception:

Traceback (most recent call last):
  File "/Library/Frameworks/Python.framework/Versions/3.14/lib/python3.14/site-packages/flask/app.py", line 1536, in __call__
    return self.wsgi_app(environ, start_response)
           ~~~~~~~~~~~~~^^^^^^^^^^^^^^^^^^^^^^^^^
  File "/Library/Frameworks/Python.framework/Versions/3.14/lib/python3.14/site-packages/flask/app.py", line 1514, in wsgi_app
    response = self.handle_exception(e)
  File "/Library/Frameworks/Python.framework/Versions/3.14/lib/python3.14/site-packages/flask_cors/extension.py", line 176, in wrapped_function
    return cors_after_request(app.make_response(f(*args, **kwargs)))
                                                ~^^^^^^^^^^^^^^^^^
  File "/Library/Frameworks/Python.framework/Versions/3.14/lib/python3.14/site-packages/flask/app.py", line 1511, in wsgi_app
    response = self.full_dispatch_request()
  File "/Library/Frameworks/Python.framework/Versions/3.14/lib/python3.14/site-packages/flask/app.py", line 919, in full_dispatch_request
    rv = self.handle_user_exception(e)
  File "/Library/Frameworks/Python.framework/Versions/3.14/lib/python3.14/site-packages/flask_cors/extension.py", line 176, in wrapped_function
    return cors_after_request(app.make_response(f(*args, **kwargs)))
                                                ~^^^^^^^^^^^^^^^^^
  File "/Library/Frameworks/Python.framework/Versions/3.14/lib/python3.14/site-packages/flask/app.py", line 917, in full_dispatch_request
    rv = self.dispatch_request()
  File "/Library/Frameworks/Python.framework/Versions/3.14/lib/python3.14/site-packages/flask/app.py", line 902, in dispatch_request
    return self.ensure_sync(self.view_functions[rule.endpoint])(**view_args)  # type: ignore[no-any-return]
           ~~~~~~~~~~~~~~~~~~~~~~~~~~~~~~~~~~~~~~~~~~~~~~~~~~~~^^^^^^^^^^^^^
  File "/Users/macbook/.gemini/antigravity/scratch/PETWEB.FINDER/backend/app.py", line 82, in get_cart
    items = CartItem.query.order_by(CartItem.added_at.desc()).all()
  File "/Library/Frameworks/Python.framework/Versions/3.14/lib/python3.14/site-packages/sqlalchemy/orm/query.py", line 2704, in all
    return self._iter().all()  # type: ignore
           ~~~~~~~~~~^^
  File "/Library/Frameworks/Python.framework/Versions/3.14/lib/python3.14/site-packages/sqlalchemy/orm/query.py", line 2857, in _iter
    result: Union[ScalarResult[_T], Result[_T]] = self.session.execute(
    
  File "/Library/Frameworks/Python.framework/Versions/3.14/lib/python3.14/site-packages/sqlalchemy/orm/session.py", line 2351, in execute
    return self._execute_internal(
    
  File "/Library/Frameworks/Python.framework/Versions/3.14/lib/python3.14/site-packages/sqlalchemy/orm/session.py", line 2249, in _execute_internal
    result: Result[Any] = compile_state_cls.orm_execute_statement(
    
  File "/Library/Frameworks/Python.framework/Versions/3.14/lib/python3.14/site-packages/sqlalchemy/orm/context.py", line 306, in orm_execute_statement
    result = conn.execute(
    
  File "/Library/Frameworks/Python.framework/Versions/3.14/lib/python3.14/site-packages/sqlalchemy/engine/base.py", line 1419, in execute
    return meth(
    
  File "/Library/Frameworks/Python.framework/Versions/3.14/lib/python3.14/site-packages/sqlalchemy/sql/elements.py", line 527, in _execute_on_connection
    return connection._execute_clauseelement(
    
  File "/Library/Frameworks/Python.framework/Versions/3.14/lib/python3.14/site-packages/sqlalchemy/engine/base.py", line 1641, in _execute_clauseelement
    ret = self._execute_context(
    
  File "/Library/Frameworks/Python.framework/Versions/3.14/lib/python3.14/site-packages/sqlalchemy/engine/base.py", line 1846, in _execute_context
    return self._exec_single_context(
    
  File "/Library/Frameworks/Python.framework/Versions/3.14/lib/python3.14/site-packages/sqlalchemy/engine/base.py", line 1986, in _exec_single_context
    self._handle_dbapi_exception(
    ^
  File "/Library/Frameworks/Python.framework/Versions/3.14/lib/python3.14/site-packages/sqlalchemy/engine/base.py", line 2363, in _handle_dbapi_exception
    raise sqlalchemy_exception.with_traceback(exc_info[2]) from e
  File "/Library/Frameworks/Python.framework/Versions/3.14/lib/python3.14/site-packages/sqlalchemy/engine/base.py", line 1967, in _exec_single_context
    self.dialect.do_execute(
    ^
  File "/Library/Frameworks/Python.framework/Versions/3.14/lib/python3.14/site-packages/sqlalchemy/engine/default.py", line 952, in do_execute
    cursor.execute(statement, parameters)
    ~~~~~~~~~~~~~~^^^^^^^^^^^^^^^^^^^^^^^
sqlalchemy.exc.OperationalError: (sqlite3.OperationalError) no such column: cart_item.quantity
[SQL: SELECT cart_item.id AS cart_item_id, cart_item.product_id AS cart_item_product_id, cart_item.quantity AS cart_item_quantity, cart_item.added_at AS cart_item_added_at 
FROM cart_item ORDER BY cart_item.added_at DESC]
(Background on this error at: https://sqlalche.me/e/20/e3q8)
127.0.0.1 - - [22/Apr/2026 22:19:03] "OPTIONS /api/search HTTP/1.1" 200 -
127.0.0.1 - - [22/Apr/2026 22:19:03] "POST /api/search HTTP/1.1" 200 -
127.0.0.1 - - [22/Apr/2026 22:19:04] "POST /api/search HTTP/1.1" 200 -
127.0.0.1 - - [22/Apr/2026 22:19:07] "[35m[1mGET /api/optimize HTTP/1.1[0m" 500 -
Traceback (most recent call last):
  File "/Library/Frameworks/Python.framework/Versions/3.14/lib/python3.14/site-packages/sqlalchemy/engine/base.py", line 1967, in _exec_single_context
    self.dialect.do_execute(
    ^
  File "/Library/Frameworks/Python.framework/Versions/3.14/lib/python3.14/site-packages/sqlalchemy/engine/default.py", line 952, in do_execute
    cursor.execute(statement, parameters)
    ~~~~~~~~~~~~~~^^^^^^^^^^^^^^^^^^^^^^^
sqlite3.OperationalError: no such column: cart_item.quantity

The above exception was the direct cause of the following exception:

Traceback (most recent call last):
  File "/Library/Frameworks/Python.framework/Versions/3.14/lib/python3.14/site-packages/flask/app.py", line 1536, in __call__
    return self.wsgi_app(environ, start_response)
           ~~~~~~~~~~~~~^^^^^^^^^^^^^^^^^^^^^^^^^
  File "/Library/Frameworks/Python.framework/Versions/3.14/lib/python3.14/site-packages/flask/app.py", line 1514, in wsgi_app
    response = self.handle_exception(e)
  File "/Library/Frameworks/Python.framework/Versions/3.14/lib/python3.14/site-packages/flask_cors/extension.py", line 176, in wrapped_function
    return cors_after_request(app.make_response(f(*args, **kwargs)))
                                                ~^^^^^^^^^^^^^^^^^
  File "/Library/Frameworks/Python.framework/Versions/3.14/lib/python3.14/site-packages/flask/app.py", line 1511, in wsgi_app
    response = self.full_dispatch_request()
  File "/Library/Frameworks/Python.framework/Versions/3.14/lib/python3.14/site-packages/flask/app.py", line 919, in full_dispatch_request
    rv = self.handle_user_exception(e)
  File "/Library/Frameworks/Python.framework/Versions/3.14/lib/python3.14/site-packages/flask_cors/extension.py", line 176, in wrapped_function
    return cors_after_request(app.make_response(f(*args, **kwargs)))
                                                ~^^^^^^^^^^^^^^^^^
  File "/Library/Frameworks/Python.framework/Versions/3.14/lib/python3.14/site-packages/flask/app.py", line 917, in full_dispatch_request
    rv = self.dispatch_request()
  File "/Library/Frameworks/Python.framework/Versions/3.14/lib/python3.14/site-packages/flask/app.py", line 902, in dispatch_request
    return self.ensure_sync(self.view_functions[rule.endpoint])(**view_args)  # type: ignore[no-any-return]
           ~~~~~~~~~~~~~~~~~~~~~~~~~~~~~~~~~~~~~~~~~~~~~~~~~~~~^^^^^^^^^^^^^
  File "/Users/macbook/.gemini/antigravity/scratch/PETWEB.FINDER/backend/app.py", line 170, in optimize_procurement
    cart_items = CartItem.query.all()
  File "/Library/Frameworks/Python.framework/Versions/3.14/lib/python3.14/site-packages/sqlalchemy/orm/query.py", line 2704, in all
    return self._iter().all()  # type: ignore
           ~~~~~~~~~~^^
  File "/Library/Frameworks/Python.framework/Versions/3.14/lib/python3.14/site-packages/sqlalchemy/orm/query.py", line 2857, in _iter
    result: Union[ScalarResult[_T], Result[_T]] = self.session.execute(
    
  File "/Library/Frameworks/Python.framework/Versions/3.14/lib/python3.14/site-packages/sqlalchemy/orm/session.py", line 2351, in execute
    return self._execute_internal(
    
  File "/Library/Frameworks/Python.framework/Versions/3.14/lib/python3.14/site-packages/sqlalchemy/orm/session.py", line 2249, in _execute_internal
    result: Result[Any] = compile_state_cls.orm_execute_statement(
    
  File "/Library/Frameworks/Python.framework/Versions/3.14/lib/python3.14/site-packages/sqlalchemy/orm/context.py", line 306, in orm_execute_statement
    result = conn.execute(
    
  File "/Library/Frameworks/Python.framework/Versions/3.14/lib/python3.14/site-packages/sqlalchemy/engine/base.py", line 1419, in execute
    return meth(
    
  File "/Library/Frameworks/Python.framework/Versions/3.14/lib/python3.14/site-packages/sqlalchemy/sql/elements.py", line 527, in _execute_on_connection
    return connection._execute_clauseelement(
    
  File "/Library/Frameworks/Python.framework/Versions/3.14/lib/python3.14/site-packages/sqlalchemy/engine/base.py", line 1641, in _execute_clauseelement
    ret = self._execute_context(
    
  File "/Library/Frameworks/Python.framework/Versions/3.14/lib/python3.14/site-packages/sqlalchemy/engine/base.py", line 1846, in _execute_context
    return self._exec_single_context(
    
  File "/Library/Frameworks/Python.framework/Versions/3.14/lib/python3.14/site-packages/sqlalchemy/engine/base.py", line 1986, in _exec_single_context
    self._handle_dbapi_exception(
    ^
  File "/Library/Frameworks/Python.framework/Versions/3.14/lib/python3.14/site-packages/sqlalchemy/engine/base.py", line 2363, in _handle_dbapi_exception
    raise sqlalchemy_exception.with_traceback(exc_info[2]) from e
  File "/Library/Frameworks/Python.framework/Versions/3.14/lib/python3.14/site-packages/sqlalchemy/engine/base.py", line 1967, in _exec_single_context
    self.dialect.do_execute(
    ^
  File "/Library/Frameworks/Python.framework/Versions/3.14/lib/python3.14/site-packages/sqlalchemy/engine/default.py", line 952, in do_execute
    cursor.execute(statement, parameters)
    ~~~~~~~~~~~~~~^^^^^^^^^^^^^^^^^^^^^^^
sqlalchemy.exc.OperationalError: (sqlite3.OperationalError) no such column: cart_item.quantity
[SQL: SELECT cart_item.id AS cart_item_id, cart_item.product_id AS cart_item_product_id, cart_item.quantity AS cart_item_quantity, cart_item.added_at AS cart_item_added_at 
FROM cart_item]
(Background on this error at: https://sqlalche.me/e/20/e3q8)
127.0.0.1 - - [22/Apr/2026 22:19:07] "[35m[1mGET /api/cart HTTP/1.1[0m" 500 -
Traceback (most recent call last):
  File "/Library/Frameworks/Python.framework/Versions/3.14/lib/python3.14/site-packages/sqlalchemy/engine/base.py", line 1967, in _exec_single_context
    self.dialect.do_execute(
    ^
  File "/Library/Frameworks/Python.framework/Versions/3.14/lib/python3.14/site-packages/sqlalchemy/engine/default.py", line 952, in do_execute
    cursor.execute(statement, parameters)
    ~~~~~~~~~~~~~~^^^^^^^^^^^^^^^^^^^^^^^
sqlite3.OperationalError: no such column: cart_item.quantity

The above exception was the direct cause of the following exception:

Traceback (most recent call last):
  File "/Library/Frameworks/Python.framework/Versions/3.14/lib/python3.14/site-packages/flask/app.py", line 1536, in __call__
    return self.wsgi_app(environ, start_response)
           ~~~~~~~~~~~~~^^^^^^^^^^^^^^^^^^^^^^^^^
  File "/Library/Frameworks/Python.framework/Versions/3.14/lib/python3.14/site-packages/flask/app.py", line 1514, in wsgi_app
    response = self.handle_exception(e)
  File "/Library/Frameworks/Python.framework/Versions/3.14/lib/python3.14/site-packages/flask_cors/extension.py", line 176, in wrapped_function
    return cors_after_request(app.make_response(f(*args, **kwargs)))
                                                ~^^^^^^^^^^^^^^^^^
  File "/Library/Frameworks/Python.framework/Versions/3.14/lib/python3.14/site-packages/flask/app.py", line 1511, in wsgi_app
    response = self.full_dispatch_request()
  File "/Library/Frameworks/Python.framework/Versions/3.14/lib/python3.14/site-packages/flask/app.py", line 919, in full_dispatch_request
    rv = self.handle_user_exception(e)
  File "/Library/Frameworks/Python.framework/Versions/3.14/lib/python3.14/site-packages/flask_cors/extension.py", line 176, in wrapped_function
    return cors_after_request(app.make_response(f(*args, **kwargs)))
                                                ~^^^^^^^^^^^^^^^^^
  File "/Library/Frameworks/Python.framework/Versions/3.14/lib/python3.14/site-packages/flask/app.py", line 917, in full_dispatch_request
    rv = self.dispatch_request()
  File "/Library/Frameworks/Python.framework/Versions/3.14/lib/python3.14/site-packages/flask/app.py", line 902, in dispatch_request
    return self.ensure_sync(self.view_functions[rule.endpoint])(**view_args)  # type: ignore[no-any-return]
           ~~~~~~~~~~~~~~~~~~~~~~~~~~~~~~~~~~~~~~~~~~~~~~~~~~~~^^^^^^^^^^^^^
  File "/Users/macbook/.gemini/antigravity/scratch/PETWEB.FINDER/backend/app.py", line 82, in get_cart
    items = CartItem.query.order_by(CartItem.added_at.desc()).all()
  File "/Library/Frameworks/Python.framework/Versions/3.14/lib/python3.14/site-packages/sqlalchemy/orm/query.py", line 2704, in all
    return self._iter().all()  # type: ignore
           ~~~~~~~~~~^^
  File "/Library/Frameworks/Python.framework/Versions/3.14/lib/python3.14/site-packages/sqlalchemy/orm/query.py", line 2857, in _iter
    result: Union[ScalarResult[_T], Result[_T]] = self.session.execute(
    
  File "/Library/Frameworks/Python.framework/Versions/3.14/lib/python3.14/site-packages/sqlalchemy/orm/session.py", line 2351, in execute
    return self._execute_internal(
    
  File "/Library/Frameworks/Python.framework/Versions/3.14/lib/python3.14/site-packages/sqlalchemy/orm/session.py", line 2249, in _execute_internal
    result: Result[Any] = compile_state_cls.orm_execute_statement(
    
  File "/Library/Frameworks/Python.framework/Versions/3.14/lib/python3.14/site-packages/sqlalchemy/orm/context.py", line 306, in orm_execute_statement
    result = conn.execute(
    
  File "/Library/Frameworks/Python.framework/Versions/3.14/lib/python3.14/site-packages/sqlalchemy/engine/base.py", line 1419, in execute
    return meth(
    
  File "/Library/Frameworks/Python.framework/Versions/3.14/lib/python3.14/site-packages/sqlalchemy/sql/elements.py", line 527, in _execute_on_connection
    return connection._execute_clauseelement(
    
  File "/Library/Frameworks/Python.framework/Versions/3.14/lib/python3.14/site-packages/sqlalchemy/engine/base.py", line 1641, in _execute_clauseelement
    ret = self._execute_context(
    
  File "/Library/Frameworks/Python.framework/Versions/3.14/lib/python3.14/site-packages/sqlalchemy/engine/base.py", line 1846, in _execute_context
    return self._exec_single_context(
    
  File "/Library/Frameworks/Python.framework/Versions/3.14/lib/python3.14/site-packages/sqlalchemy/engine/base.py", line 1986, in _exec_single_context
    self._handle_dbapi_exception(
    ^
  File "/Library/Frameworks/Python.framework/Versions/3.14/lib/python3.14/site-packages/sqlalchemy/engine/base.py", line 2363, in _handle_dbapi_exception
    raise sqlalchemy_exception.with_traceback(exc_info[2]) from e
  File "/Library/Frameworks/Python.framework/Versions/3.14/lib/python3.14/site-packages/sqlalchemy/engine/base.py", line 1967, in _exec_single_context
    self.dialect.do_execute(
    ^
  File "/Library/Frameworks/Python.framework/Versions/3.14/lib/python3.14/site-packages/sqlalchemy/engine/default.py", line 952, in do_execute
    cursor.execute(statement, parameters)
    ~~~~~~~~~~~~~~^^^^^^^^^^^^^^^^^^^^^^^
sqlalchemy.exc.OperationalError: (sqlite3.OperationalError) no such column: cart_item.quantity
[SQL: SELECT cart_item.id AS cart_item_id, cart_item.product_id AS cart_item_product_id, cart_item.quantity AS cart_item_quantity, cart_item.added_at AS cart_item_added_at 
FROM cart_item ORDER BY cart_item.added_at DESC]
(Background on this error at: https://sqlalche.me/e/20/e3q8)
127.0.0.1 - - [22/Apr/2026 22:19:07] "GET /api/orders HTTP/1.1" 200 -
127.0.0.1 - - [22/Apr/2026 22:20:02] "GET /api/market-pulse HTTP/1.1" 200 -
127.0.0.1 - - [22/Apr/2026 22:21:02] "GET /api/market-pulse HTTP/1.1" 200 -
127.0.0.1 - - [22/Apr/2026 22:22:02] "GET /api/market-pulse HTTP/1.1" 200 -
127.0.0.1 - - [22/Apr/2026 22:23:02] "GET /api/market-pulse HTTP/1.1" 200 -
127.0.0.1 - - [22/Apr/2026 22:23:17] "OPTIONS /api/cart HTTP/1.1" 200 -
127.0.0.1 - - [22/Apr/2026 22:23:18] "[35m[1mPOST /api/cart HTTP/1.1[0m" 500 -
Traceback (most recent call last):
  File "/Library/Frameworks/Python.framework/Versions/3.14/lib/python3.14/site-packages/sqlalchemy/engine/base.py", line 1967, in _exec_single_context
    self.dialect.do_execute(
    ^
  File "/Library/Frameworks/Python.framework/Versions/3.14/lib/python3.14/site-packages/sqlalchemy/engine/default.py", line 952, in do_execute
    cursor.execute(statement, parameters)
    ~~~~~~~~~~~~~~^^^^^^^^^^^^^^^^^^^^^^^
sqlite3.OperationalError: no such column: cart_item.quantity

The above exception was the direct cause of the following exception:

Traceback (most recent call last):
  File "/Library/Frameworks/Python.framework/Versions/3.14/lib/python3.14/site-packages/flask/app.py", line 1536, in __call__
    return self.wsgi_app(environ, start_response)
           ~~~~~~~~~~~~~^^^^^^^^^^^^^^^^^^^^^^^^^
  File "/Library/Frameworks/Python.framework/Versions/3.14/lib/python3.14/site-packages/flask/app.py", line 1514, in wsgi_app
    response = self.handle_exception(e)
  File "/Library/Frameworks/Python.framework/Versions/3.14/lib/python3.14/site-packages/flask_cors/extension.py", line 176, in wrapped_function
    return cors_after_request(app.make_response(f(*args, **kwargs)))
                                                ~^^^^^^^^^^^^^^^^^
  File "/Library/Frameworks/Python.framework/Versions/3.14/lib/python3.14/site-packages/flask/app.py", line 1511, in wsgi_app
    response = self.full_dispatch_request()
  File "/Library/Frameworks/Python.framework/Versions/3.14/lib/python3.14/site-packages/flask/app.py", line 919, in full_dispatch_request
    rv = self.handle_user_exception(e)
  File "/Library/Frameworks/Python.framework/Versions/3.14/lib/python3.14/site-packages/flask_cors/extension.py", line 176, in wrapped_function
    return cors_after_request(app.make_response(f(*args, **kwargs)))
                                                ~^^^^^^^^^^^^^^^^^
  File "/Library/Frameworks/Python.framework/Versions/3.14/lib/python3.14/site-packages/flask/app.py", line 917, in full_dispatch_request
    rv = self.dispatch_request()
  File "/Library/Frameworks/Python.framework/Versions/3.14/lib/python3.14/site-packages/flask/app.py", line 902, in dispatch_request
    return self.ensure_sync(self.view_functions[rule.endpoint])(**view_args)  # type: ignore[no-any-return]
           ~~~~~~~~~~~~~~~~~~~~~~~~~~~~~~~~~~~~~~~~~~~~~~~~~~~~^^^^^^^^^^^^^
  File "/Users/macbook/.gemini/antigravity/scratch/PETWEB.FINDER/backend/app.py", line 94, in add_to_cart
    existing = CartItem.query.filter_by(product_id=product_id).first()
  File "/Library/Frameworks/Python.framework/Versions/3.14/lib/python3.14/site-packages/sqlalchemy/orm/query.py", line 2759, in first
    return self.limit(1)._iter().first()  # type: ignore
           ~~~~~~~~~~~~~~~~~~~^^
  File "/Library/Frameworks/Python.framework/Versions/3.14/lib/python3.14/site-packages/sqlalchemy/orm/query.py", line 2857, in _iter
    result: Union[ScalarResult[_T], Result[_T]] = self.session.execute(
    
  File "/Library/Frameworks/Python.framework/Versions/3.14/lib/python3.14/site-packages/sqlalchemy/orm/session.py", line 2351, in execute
    return self._execute_internal(
    
  File "/Library/Frameworks/Python.framework/Versions/3.14/lib/python3.14/site-packages/sqlalchemy/orm/session.py", line 2249, in _execute_internal
    result: Result[Any] = compile_state_cls.orm_execute_statement(
    
  File "/Library/Frameworks/Python.framework/Versions/3.14/lib/python3.14/site-packages/sqlalchemy/orm/context.py", line 306, in orm_execute_statement
    result = conn.execute(
    
  File "/Library/Frameworks/Python.framework/Versions/3.14/lib/python3.14/site-packages/sqlalchemy/engine/base.py", line 1419, in execute
    return meth(
    
  File "/Library/Frameworks/Python.framework/Versions/3.14/lib/python3.14/site-packages/sqlalchemy/sql/elements.py", line 527, in _execute_on_connection
    return connection._execute_clauseelement(
    
  File "/Library/Frameworks/Python.framework/Versions/3.14/lib/python3.14/site-packages/sqlalchemy/engine/base.py", line 1641, in _execute_clauseelement
    ret = self._execute_context(
    
  File "/Library/Frameworks/Python.framework/Versions/3.14/lib/python3.14/site-packages/sqlalchemy/engine/base.py", line 1846, in _execute_context
    return self._exec_single_context(
    
  File "/Library/Frameworks/Python.framework/Versions/3.14/lib/python3.14/site-packages/sqlalchemy/engine/base.py", line 1986, in _exec_single_context
    self._handle_dbapi_exception(
    ^
  File "/Library/Frameworks/Python.framework/Versions/3.14/lib/python3.14/site-packages/sqlalchemy/engine/base.py", line 2363, in _handle_dbapi_exception
    raise sqlalchemy_exception.with_traceback(exc_info[2]) from e
  File "/Library/Frameworks/Python.framework/Versions/3.14/lib/python3.14/site-packages/sqlalchemy/engine/base.py", line 1967, in _exec_single_context
    self.dialect.do_execute(
    ^
  File "/Library/Frameworks/Python.framework/Versions/3.14/lib/python3.14/site-packages/sqlalchemy/engine/default.py", line 952, in do_execute
    cursor.execute(statement, parameters)
    ~~~~~~~~~~~~~~^^^^^^^^^^^^^^^^^^^^^^^
sqlalchemy.exc.OperationalError: (sqlite3.OperationalError) no such column: cart_item.quantity
[SQL: SELECT cart_item.id AS cart_item_id, cart_item.product_id AS cart_item_product_id, cart_item.quantity AS cart_item_quantity, cart_item.added_at AS cart_item_added_at 
FROM cart_item 
WHERE cart_item.product_id = ?
 LIMIT ? OFFSET ?]
[parameters: (2, 1, 0)]
(Background on this error at: https://sqlalche.me/e/20/e3q8)
127.0.0.1 - - [22/Apr/2026 22:24:02] "GET /api/market-pulse HTTP/1.1" 200 -
127.0.0.1 - - [22/Apr/2026 22:25:02] "GET /api/market-pulse HTTP/1.1" 200 -
127.0.0.1 - - [22/Apr/2026 22:26:02] "GET /api/market-pulse HTTP/1.1" 200 -
127.0.0.1 - - [22/Apr/2026 22:27:02] "GET /api/market-pulse HTTP/1.1" 200 -
127.0.0.1 - - [22/Apr/2026 22:28:02] "GET /api/market-pulse HTTP/1.1" 200 -
127.0.0.1 - - [22/Apr/2026 22:29:02] "GET /api/market-pulse HTTP/1.1" 200 -
127.0.0.1 - - [22/Apr/2026 22:30:02] "GET /api/market-pulse HTTP/1.1" 200 -
127.0.0.1 - - [22/Apr/2026 22:31:02] "GET /api/market-pulse HTTP/1.1" 200 -
127.0.0.1 - - [22/Apr/2026 22:32:02] "GET /api/market-pulse HTTP/1.1" 200 -
127.0.0.1 - - [22/Apr/2026 22:33:02] "GET /api/market-pulse HTTP/1.1" 200 -
127.0.0.1 - - [22/Apr/2026 22:34:02] "GET /api/market-pulse HTTP/1.1" 200 -
127.0.0.1 - - [22/Apr/2026 22:35:02] "GET /api/market-pulse HTTP/1.1" 200 -
127.0.0.1 - - [22/Apr/2026 22:36:02] "GET /api/market-pulse HTTP/1.1" 200 -
127.0.0.1 - - [22/Apr/2026 22:37:08] "GET /api/market-pulse HTTP/1.1" 200 -
127.0.0.1 - - [22/Apr/2026 22:38:08] "GET /api/market-pulse HTTP/1.1" 200 -
127.0.0.1 - - [22/Apr/2026 22:39:08] "GET /api/market-pulse HTTP/1.1" 200 -
127.0.0.1 - - [22/Apr/2026 22:40:08] "GET /api/market-pulse HTTP/1.1" 200 -
127.0.0.1 - - [22/Apr/2026 22:41:08] "GET /api/market-pulse HTTP/1.1" 200 -
127.0.0.1 - - [22/Apr/2026 22:42:08] "GET /api/market-pulse HTTP/1.1" 200 -
127.0.0.1 - - [22/Apr/2026 22:43:08] "GET /api/market-pulse HTTP/1.1" 200 -
127.0.0.1 - - [22/Apr/2026 22:44:08] "GET /api/market-pulse HTTP/1.1" 200 -
127.0.0.1 - - [22/Apr/2026 22:45:08] "GET /api/market-pulse HTTP/1.1" 200 -
127.0.0.1 - - [22/Apr/2026 22:46:08] "GET /api/market-pulse HTTP/1.1" 200 -
127.0.0.1 - - [22/Apr/2026 22:47:18] "GET /api/market-pulse HTTP/1.1" 200 -
127.0.0.1 - - [22/Apr/2026 22:49:23] "GET /api/market-pulse HTTP/1.1" 200 -
127.0.0.1 - - [22/Apr/2026 22:50:23] "GET /api/market-pulse HTTP/1.1" 200 -
127.0.0.1 - - [22/Apr/2026 22:51:23] "GET /api/market-pulse HTTP/1.1" 200 -
127.0.0.1 - - [22/Apr/2026 22:52:23] "GET /api/market-pulse HTTP/1.1" 200 -
127.0.0.1 - - [22/Apr/2026 22:53:23] "GET /api/market-pulse HTTP/1.1" 200 -
127.0.0.1 - - [22/Apr/2026 22:54:36] "GET /api/market-pulse HTTP/1.1" 200 -
127.0.0.1 - - [22/Apr/2026 22:55:36] "GET /api/market-pulse HTTP/1.1" 200 -
127.0.0.1 - - [22/Apr/2026 22:56:36] "GET /api/market-pulse HTTP/1.1" 200 -
127.0.0.1 - - [22/Apr/2026 22:57:44] "GET /api/market-pulse HTTP/1.1" 200 -
127.0.0.1 - - [22/Apr/2026 22:58:44] "GET /api/market-pulse HTTP/1.1" 200 -
127.0.0.1 - - [22/Apr/2026 22:58:51] "GET /api/market-pulse HTTP/1.1" 200 -
127.0.0.1 - - [22/Apr/2026 22:58:52] "GET /api/countries HTTP/1.1" 200 -
127.0.0.1 - - [22/Apr/2026 22:58:52] "[35m[1mGET /api/cart HTTP/1.1[0m" 500 -
Traceback (most recent call last):
  File "/Library/Frameworks/Python.framework/Versions/3.14/lib/python3.14/site-packages/sqlalchemy/engine/base.py", line 1967, in _exec_single_context
    self.dialect.do_execute(
    ^
  File "/Library/Frameworks/Python.framework/Versions/3.14/lib/python3.14/site-packages/sqlalchemy/engine/default.py", line 952, in do_execute
    cursor.execute(statement, parameters)
    ~~~~~~~~~~~~~~^^^^^^^^^^^^^^^^^^^^^^^
sqlite3.OperationalError: no such column: cart_item.quantity

The above exception was the direct cause of the following exception:

Traceback (most recent call last):
  File "/Library/Frameworks/Python.framework/Versions/3.14/lib/python3.14/site-packages/flask/app.py", line 1536, in __call__
    return self.wsgi_app(environ, start_response)
           ~~~~~~~~~~~~~^^^^^^^^^^^^^^^^^^^^^^^^^
  File "/Library/Frameworks/Python.framework/Versions/3.14/lib/python3.14/site-packages/flask/app.py", line 1514, in wsgi_app
    response = self.handle_exception(e)
  File "/Library/Frameworks/Python.framework/Versions/3.14/lib/python3.14/site-packages/flask_cors/extension.py", line 176, in wrapped_function
    return cors_after_request(app.make_response(f(*args, **kwargs)))
                                                ~^^^^^^^^^^^^^^^^^
  File "/Library/Frameworks/Python.framework/Versions/3.14/lib/python3.14/site-packages/flask/app.py", line 1511, in wsgi_app
    response = self.full_dispatch_request()
  File "/Library/Frameworks/Python.framework/Versions/3.14/lib/python3.14/site-packages/flask/app.py", line 919, in full_dispatch_request
    rv = self.handle_user_exception(e)
  File "/Library/Frameworks/Python.framework/Versions/3.14/lib/python3.14/site-packages/flask_cors/extension.py", line 176, in wrapped_function
    return cors_after_request(app.make_response(f(*args, **kwargs)))
                                                ~^^^^^^^^^^^^^^^^^
  File "/Library/Frameworks/Python.framework/Versions/3.14/lib/python3.14/site-packages/flask/app.py", line 917, in full_dispatch_request
    rv = self.dispatch_request()
  File "/Library/Frameworks/Python.framework/Versions/3.14/lib/python3.14/site-packages/flask/app.py", line 902, in dispatch_request
    return self.ensure_sync(self.view_functions[rule.endpoint])(**view_args)  # type: ignore[no-any-return]
           ~~~~~~~~~~~~~~~~~~~~~~~~~~~~~~~~~~~~~~~~~~~~~~~~~~~~^^^^^^^^^^^^^
  File "/Users/macbook/.gemini/antigravity/scratch/PETWEB.FINDER/backend/app.py", line 82, in get_cart
    items = CartItem.query.order_by(CartItem.added_at.desc()).all()
  File "/Library/Frameworks/Python.framework/Versions/3.14/lib/python3.14/site-packages/sqlalchemy/orm/query.py", line 2704, in all
    return self._iter().all()  # type: ignore
           ~~~~~~~~~~^^
  File "/Library/Frameworks/Python.framework/Versions/3.14/lib/python3.14/site-packages/sqlalchemy/orm/query.py", line 2857, in _iter
    result: Union[ScalarResult[_T], Result[_T]] = self.session.execute(
    
  File "/Library/Frameworks/Python.framework/Versions/3.14/lib/python3.14/site-packages/sqlalchemy/orm/session.py", line 2351, in execute
    return self._execute_internal(
    
  File "/Library/Frameworks/Python.framework/Versions/3.14/lib/python3.14/site-packages/sqlalchemy/orm/session.py", line 2249, in _execute_internal
    result: Result[Any] = compile_state_cls.orm_execute_statement(
    
  File "/Library/Frameworks/Python.framework/Versions/3.14/lib/python3.14/site-packages/sqlalchemy/orm/context.py", line 306, in orm_execute_statement
    result = conn.execute(
    
  File "/Library/Frameworks/Python.framework/Versions/3.14/lib/python3.14/site-packages/sqlalchemy/engine/base.py", line 1419, in execute
    return meth(
    
  File "/Library/Frameworks/Python.framework/Versions/3.14/lib/python3.14/site-packages/sqlalchemy/sql/elements.py", line 527, in _execute_on_connection
    return connection._execute_clauseelement(
    
  File "/Library/Frameworks/Python.framework/Versions/3.14/lib/python3.14/site-packages/sqlalchemy/engine/base.py", line 1641, in _execute_clauseelement
    ret = self._execute_context(
    
  File "/Library/Frameworks/Python.framework/Versions/3.14/lib/python3.14/site-packages/sqlalchemy/engine/base.py", line 1846, in _execute_context
    return self._exec_single_context(
    
  File "/Library/Frameworks/Python.framework/Versions/3.14/lib/python3.14/site-packages/sqlalchemy/engine/base.py", line 1986, in _exec_single_context
    self._handle_dbapi_exception(
    ^
  File "/Library/Frameworks/Python.framework/Versions/3.14/lib/python3.14/site-packages/sqlalchemy/engine/base.py", line 2363, in _handle_dbapi_exception
    raise sqlalchemy_exception.with_traceback(exc_info[2]) from e
  File "/Library/Frameworks/Python.framework/Versions/3.14/lib/python3.14/site-packages/sqlalchemy/engine/base.py", line 1967, in _exec_single_context
    self.dialect.do_execute(
    ^
  File "/Library/Frameworks/Python.framework/Versions/3.14/lib/python3.14/site-packages/sqlalchemy/engine/default.py", line 952, in do_execute
    cursor.execute(statement, parameters)
    ~~~~~~~~~~~~~~^^^^^^^^^^^^^^^^^^^^^^^
sqlalchemy.exc.OperationalError: (sqlite3.OperationalError) no such column: cart_item.quantity
[SQL: SELECT cart_item.id AS cart_item_id, cart_item.product_id AS cart_item_product_id, cart_item.quantity AS cart_item_quantity, cart_item.added_at AS cart_item_added_at 
FROM cart_item ORDER BY cart_item.added_at DESC]
(Background on this error at: https://sqlalche.me/e/20/e3q8)
127.0.0.1 - - [22/Apr/2026 22:58:54] "OPTIONS /api/search HTTP/1.1" 200 -
127.0.0.1 - - [22/Apr/2026 22:58:54] "POST /api/search HTTP/1.1" 200 -
127.0.0.1 - - [22/Apr/2026 22:59:18] "GET /api/orders HTTP/1.1" 200 -
127.0.0.1 - - [22/Apr/2026 22:59:19] "[35m[1mGET /api/cart HTTP/1.1[0m" 500 -
127.0.0.1 - - [22/Apr/2026 22:59:19] "[35m[1mGET /api/optimize HTTP/1.1[0m" 500 -
Traceback (most recent call last):
  File "/Library/Frameworks/Python.framework/Versions/3.14/lib/python3.14/site-packages/sqlalchemy/engine/base.py", line 1967, in _exec_single_context
    self.dialect.do_execute(
    ^
  File "/Library/Frameworks/Python.framework/Versions/3.14/lib/python3.14/site-packages/sqlalchemy/engine/default.py", line 952, in do_execute
    cursor.execute(statement, parameters)
    ~~~~~~~~~~~~~~^^^^^^^^^^^^^^^^^^^^^^^
sqlite3.OperationalError: no such column: cart_item.quantity

The above exception was the direct cause of the following exception:

Traceback (most recent call last):
  File "/Library/Frameworks/Python.framework/Versions/3.14/lib/python3.14/site-packages/flask/app.py", line 1536, in __call__
    return self.wsgi_app(environ, start_response)
           ~~~~~~~~~~~~~^^^^^^^^^^^^^^^^^^^^^^^^^
  File "/Library/Frameworks/Python.framework/Versions/3.14/lib/python3.14/site-packages/flask/app.py", line 1514, in wsgi_app
    response = self.handle_exception(e)
  File "/Library/Frameworks/Python.framework/Versions/3.14/lib/python3.14/site-packages/flask_cors/extension.py", line 176, in wrapped_function
    return cors_after_request(app.make_response(f(*args, **kwargs)))
                                                ~^^^^^^^^^^^^^^^^^
  File "/Library/Frameworks/Python.framework/Versions/3.14/lib/python3.14/site-packages/flask/app.py", line 1511, in wsgi_app
    response = self.full_dispatch_request()
  File "/Library/Frameworks/Python.framework/Versions/3.14/lib/python3.14/site-packages/flask/app.py", line 919, in full_dispatch_request
    rv = self.handle_user_exception(e)
  File "/Library/Frameworks/Python.framework/Versions/3.14/lib/python3.14/site-packages/flask_cors/extension.py", line 176, in wrapped_function
    return cors_after_request(app.make_response(f(*args, **kwargs)))
                                                ~^^^^^^^^^^^^^^^^^
  File "/Library/Frameworks/Python.framework/Versions/3.14/lib/python3.14/site-packages/flask/app.py", line 917, in full_dispatch_request
    rv = self.dispatch_request()
  File "/Library/Frameworks/Python.framework/Versions/3.14/lib/python3.14/site-packages/flask/app.py", line 902, in dispatch_request
    return self.ensure_sync(self.view_functions[rule.endpoint])(**view_args)  # type: ignore[no-any-return]
           ~~~~~~~~~~~~~~~~~~~~~~~~~~~~~~~~~~~~~~~~~~~~~~~~~~~~^^^^^^^^^^^^^
  File "/Users/macbook/.gemini/antigravity/scratch/PETWEB.FINDER/backend/app.py", line 82, in get_cart
    items = CartItem.query.order_by(CartItem.added_at.desc()).all()
  File "/Library/Frameworks/Python.framework/Versions/3.14/lib/python3.14/site-packages/sqlalchemy/orm/query.py", line 2704, in all
    return self._iter().all()  # type: ignore
           ~~~~~~~~~~^^
  File "/Library/Frameworks/Python.framework/Versions/3.14/lib/python3.14/site-packages/sqlalchemy/orm/query.py", line 2857, in _iter
    result: Union[ScalarResult[_T], Result[_T]] = self.session.execute(
    
  File "/Library/Frameworks/Python.framework/Versions/3.14/lib/python3.14/site-packages/sqlalchemy/orm/session.py", line 2351, in execute
    return self._execute_internal(
    
  File "/Library/Frameworks/Python.framework/Versions/3.14/lib/python3.14/site-packages/sqlalchemy/orm/session.py", line 2249, in _execute_internal
    result: Result[Any] = compile_state_cls.orm_execute_statement(
    
  File "/Library/Frameworks/Python.framework/Versions/3.14/lib/python3.14/site-packages/sqlalchemy/orm/context.py", line 306, in orm_execute_statement
    result = conn.execute(
    
  File "/Library/Frameworks/Python.framework/Versions/3.14/lib/python3.14/site-packages/sqlalchemy/engine/base.py", line 1419, in execute
    return meth(
    
  File "/Library/Frameworks/Python.framework/Versions/3.14/lib/python3.14/site-packages/sqlalchemy/sql/elements.py", line 527, in _execute_on_connection
    return connection._execute_clauseelement(
    
  File "/Library/Frameworks/Python.framework/Versions/3.14/lib/python3.14/site-packages/sqlalchemy/engine/base.py", line 1641, in _execute_clauseelement
    ret = self._execute_context(
    
  File "/Library/Frameworks/Python.framework/Versions/3.14/lib/python3.14/site-packages/sqlalchemy/engine/base.py", line 1846, in _execute_context
    return self._exec_single_context(
    
  File "/Library/Frameworks/Python.framework/Versions/3.14/lib/python3.14/site-packages/sqlalchemy/engine/base.py", line 1986, in _exec_single_context
    self._handle_dbapi_exception(
    ^
  File "/Library/Frameworks/Python.framework/Versions/3.14/lib/python3.14/site-packages/sqlalchemy/engine/base.py", line 2363, in _handle_dbapi_exception
    raise sqlalchemy_exception.with_traceback(exc_info[2]) from e
  File "/Library/Frameworks/Python.framework/Versions/3.14/lib/python3.14/site-packages/sqlalchemy/engine/base.py", line 1967, in _exec_single_context
    self.dialect.do_execute(
    ^
  File "/Library/Frameworks/Python.framework/Versions/3.14/lib/python3.14/site-packages/sqlalchemy/engine/default.py", line 952, in do_execute
    cursor.execute(statement, parameters)
    ~~~~~~~~~~~~~~^^^^^^^^^^^^^^^^^^^^^^^
sqlalchemy.exc.OperationalError: (sqlite3.OperationalError) no such column: cart_item.quantity
[SQL: SELECT cart_item.id AS cart_item_id, cart_item.product_id AS cart_item_product_id, cart_item.quantity AS cart_item_quantity, cart_item.added_at AS cart_item_added_at 
FROM cart_item ORDER BY cart_item.added_at DESC]
(Background on this error at: https://sqlalche.me/e/20/e3q8)
Traceback (most recent call last):
  File "/Library/Frameworks/Python.framework/Versions/3.14/lib/python3.14/site-packages/sqlalchemy/engine/base.py", line 1967, in _exec_single_context
    self.dialect.do_execute(
    ^
  File "/Library/Frameworks/Python.framework/Versions/3.14/lib/python3.14/site-packages/sqlalchemy/engine/default.py", line 952, in do_execute
    cursor.execute(statement, parameters)
    ~~~~~~~~~~~~~~^^^^^^^^^^^^^^^^^^^^^^^
sqlite3.OperationalError: no such column: cart_item.quantity

The above exception was the direct cause of the following exception:

Traceback (most recent call last):
  File "/Library/Frameworks/Python.framework/Versions/3.14/lib/python3.14/site-packages/flask/app.py", line 1536, in __call__
    return self.wsgi_app(environ, start_response)
           ~~~~~~~~~~~~~^^^^^^^^^^^^^^^^^^^^^^^^^
  File "/Library/Frameworks/Python.framework/Versions/3.14/lib/python3.14/site-packages/flask/app.py", line 1514, in wsgi_app
    response = self.handle_exception(e)
  File "/Library/Frameworks/Python.framework/Versions/3.14/lib/python3.14/site-packages/flask_cors/extension.py", line 176, in wrapped_function
    return cors_after_request(app.make_response(f(*args, **kwargs)))
                                                ~^^^^^^^^^^^^^^^^^
  File "/Library/Frameworks/Python.framework/Versions/3.14/lib/python3.14/site-packages/flask/app.py", line 1511, in wsgi_app
    response = self.full_dispatch_request()
  File "/Library/Frameworks/Python.framework/Versions/3.14/lib/python3.14/site-packages/flask/app.py", line 919, in full_dispatch_request
    rv = self.handle_user_exception(e)
  File "/Library/Frameworks/Python.framework/Versions/3.14/lib/python3.14/site-packages/flask_cors/extension.py", line 176, in wrapped_function
    return cors_after_request(app.make_response(f(*args, **kwargs)))
                                                ~^^^^^^^^^^^^^^^^^
  File "/Library/Frameworks/Python.framework/Versions/3.14/lib/python3.14/site-packages/flask/app.py", line 917, in full_dispatch_request
    rv = self.dispatch_request()
  File "/Library/Frameworks/Python.framework/Versions/3.14/lib/python3.14/site-packages/flask/app.py", line 902, in dispatch_request
    return self.ensure_sync(self.view_functions[rule.endpoint])(**view_args)  # type: ignore[no-any-return]
           ~~~~~~~~~~~~~~~~~~~~~~~~~~~~~~~~~~~~~~~~~~~~~~~~~~~~^^^^^^^^^^^^^
  File "/Users/macbook/.gemini/antigravity/scratch/PETWEB.FINDER/backend/app.py", line 170, in optimize_procurement
    cart_items = CartItem.query.all()
  File "/Library/Frameworks/Python.framework/Versions/3.14/lib/python3.14/site-packages/sqlalchemy/orm/query.py", line 2704, in all
    return self._iter().all()  # type: ignore
           ~~~~~~~~~~^^
  File "/Library/Frameworks/Python.framework/Versions/3.14/lib/python3.14/site-packages/sqlalchemy/orm/query.py", line 2857, in _iter
    result: Union[ScalarResult[_T], Result[_T]] = self.session.execute(
    
  File "/Library/Frameworks/Python.framework/Versions/3.14/lib/python3.14/site-packages/sqlalchemy/orm/session.py", line 2351, in execute
    return self._execute_internal(
    
  File "/Library/Frameworks/Python.framework/Versions/3.14/lib/python3.14/site-packages/sqlalchemy/orm/session.py", line 2249, in _execute_internal
    result: Result[Any] = compile_state_cls.orm_execute_statement(
    
  File "/Library/Frameworks/Python.framework/Versions/3.14/lib/python3.14/site-packages/sqlalchemy/orm/context.py", line 306, in orm_execute_statement
    result = conn.execute(
    
  File "/Library/Frameworks/Python.framework/Versions/3.14/lib/python3.14/site-packages/sqlalchemy/engine/base.py", line 1419, in execute
    return meth(
    
  File "/Library/Frameworks/Python.framework/Versions/3.14/lib/python3.14/site-packages/sqlalchemy/sql/elements.py", line 527, in _execute_on_connection
    return connection._execute_clauseelement(
    
  File "/Library/Frameworks/Python.framework/Versions/3.14/lib/python3.14/site-packages/sqlalchemy/engine/base.py", line 1641, in _execute_clauseelement
    ret = self._execute_context(
    
  File "/Library/Frameworks/Python.framework/Versions/3.14/lib/python3.14/site-packages/sqlalchemy/engine/base.py", line 1846, in _execute_context
    return self._exec_single_context(
    
  File "/Library/Frameworks/Python.framework/Versions/3.14/lib/python3.14/site-packages/sqlalchemy/engine/base.py", line 1986, in _exec_single_context
    self._handle_dbapi_exception(
    ^
  File "/Library/Frameworks/Python.framework/Versions/3.14/lib/python3.14/site-packages/sqlalchemy/engine/base.py", line 2363, in _handle_dbapi_exception
    raise sqlalchemy_exception.with_traceback(exc_info[2]) from e
  File "/Library/Frameworks/Python.framework/Versions/3.14/lib/python3.14/site-packages/sqlalchemy/engine/base.py", line 1967, in _exec_single_context
    self.dialect.do_execute(
    ^
  File "/Library/Frameworks/Python.framework/Versions/3.14/lib/python3.14/site-packages/sqlalchemy/engine/default.py", line 952, in do_execute
    cursor.execute(statement, parameters)
    ~~~~~~~~~~~~~~^^^^^^^^^^^^^^^^^^^^^^^
sqlalchemy.exc.OperationalError: (sqlite3.OperationalError) no such column: cart_item.quantity
[SQL: SELECT cart_item.id AS cart_item_id, cart_item.product_id AS cart_item_product_id, cart_item.quantity AS cart_item_quantity, cart_item.added_at AS cart_item_added_at 
FROM cart_item]
(Background on this error at: https://sqlalche.me/e/20/e3q8)
127.0.0.1 - - [22/Apr/2026 22:59:51] "GET /api/market-pulse HTTP/1.1" 200 -
127.0.0.1 - - [22/Apr/2026 23:00:31] "[35m[1mGET /api/optimize HTTP/1.1[0m" 500 -
Traceback (most recent call last):
  File "/Library/Frameworks/Python.framework/Versions/3.14/lib/python3.14/site-packages/sqlalchemy/engine/base.py", line 1967, in _exec_single_context
    self.dialect.do_execute(
    ^
  File "/Library/Frameworks/Python.framework/Versions/3.14/lib/python3.14/site-packages/sqlalchemy/engine/default.py", line 952, in do_execute
    cursor.execute(statement, parameters)
    ~~~~~~~~~~~~~~^^^^^^^^^^^^^^^^^^^^^^^
sqlite3.OperationalError: no such column: cart_item.quantity

The above exception was the direct cause of the following exception:

Traceback (most recent call last):
  File "/Library/Frameworks/Python.framework/Versions/3.14/lib/python3.14/site-packages/flask/app.py", line 1536, in __call__
    return self.wsgi_app(environ, start_response)
           ~~~~~~~~~~~~~^^^^^^^^^^^^^^^^^^^^^^^^^
  File "/Library/Frameworks/Python.framework/Versions/3.14/lib/python3.14/site-packages/flask/app.py", line 1514, in wsgi_app
    response = self.handle_exception(e)
  File "/Library/Frameworks/Python.framework/Versions/3.14/lib/python3.14/site-packages/flask_cors/extension.py", line 176, in wrapped_function
    return cors_after_request(app.make_response(f(*args, **kwargs)))
                                                ~^^^^^^^^^^^^^^^^^
  File "/Library/Frameworks/Python.framework/Versions/3.14/lib/python3.14/site-packages/flask/app.py", line 1511, in wsgi_app
    response = self.full_dispatch_request()
  File "/Library/Frameworks/Python.framework/Versions/3.14/lib/python3.14/site-packages/flask/app.py", line 919, in full_dispatch_request
    rv = self.handle_user_exception(e)
  File "/Library/Frameworks/Python.framework/Versions/3.14/lib/python3.14/site-packages/flask_cors/extension.py", line 176, in wrapped_function
    return cors_after_request(app.make_response(f(*args, **kwargs)))
                                                ~^^^^^^^^^^^^^^^^^
  File "/Library/Frameworks/Python.framework/Versions/3.14/lib/python3.14/site-packages/flask/app.py", line 917, in full_dispatch_request
    rv = self.dispatch_request()
  File "/Library/Frameworks/Python.framework/Versions/3.14/lib/python3.14/site-packages/flask/app.py", line 902, in dispatch_request
    return self.ensure_sync(self.view_functions[rule.endpoint])(**view_args)  # type: ignore[no-any-return]
           ~~~~~~~~~~~~~~~~~~~~~~~~~~~~~~~~~~~~~~~~~~~~~~~~~~~~^^^^^^^^^^^^^
  File "/Users/macbook/.gemini/antigravity/scratch/PETWEB.FINDER/backend/app.py", line 170, in optimize_procurement
    cart_items = CartItem.query.all()
  File "/Library/Frameworks/Python.framework/Versions/3.14/lib/python3.14/site-packages/sqlalchemy/orm/query.py", line 2704, in all
    return self._iter().all()  # type: ignore
           ~~~~~~~~~~^^
  File "/Library/Frameworks/Python.framework/Versions/3.14/lib/python3.14/site-packages/sqlalchemy/orm/query.py", line 2857, in _iter
    result: Union[ScalarResult[_T], Result[_T]] = self.session.execute(
    
  File "/Library/Frameworks/Python.framework/Versions/3.14/lib/python3.14/site-packages/sqlalchemy/orm/session.py", line 2351, in execute
    return self._execute_internal(
    
  File "/Library/Frameworks/Python.framework/Versions/3.14/lib/python3.14/site-packages/sqlalchemy/orm/session.py", line 2249, in _execute_internal
    result: Result[Any] = compile_state_cls.orm_execute_statement(
    
  File "/Library/Frameworks/Python.framework/Versions/3.14/lib/python3.14/site-packages/sqlalchemy/orm/context.py", line 306, in orm_execute_statement
    result = conn.execute(
    
  File "/Library/Frameworks/Python.framework/Versions/3.14/lib/python3.14/site-packages/sqlalchemy/engine/base.py", line 1419, in execute
    return meth(
    
  File "/Library/Frameworks/Python.framework/Versions/3.14/lib/python3.14/site-packages/sqlalchemy/sql/elements.py", line 527, in _execute_on_connection
    return connection._execute_clauseelement(
    
  File "/Library/Frameworks/Python.framework/Versions/3.14/lib/python3.14/site-packages/sqlalchemy/engine/base.py", line 1641, in _execute_clauseelement
    ret = self._execute_context(
    
  File "/Library/Frameworks/Python.framework/Versions/3.14/lib/python3.14/site-packages/sqlalchemy/engine/base.py", line 1846, in _execute_context
    return self._exec_single_context(
    
  File "/Library/Frameworks/Python.framework/Versions/3.14/lib/python3.14/site-packages/sqlalchemy/engine/base.py", line 1986, in _exec_single_context
    self._handle_dbapi_exception(
    ^
  File "/Library/Frameworks/Python.framework/Versions/3.14/lib/python3.14/site-packages/sqlalchemy/engine/base.py", line 2363, in _handle_dbapi_exception
    raise sqlalchemy_exception.with_traceback(exc_info[2]) from e
  File "/Library/Frameworks/Python.framework/Versions/3.14/lib/python3.14/site-packages/sqlalchemy/engine/base.py", line 1967, in _exec_single_context
    self.dialect.do_execute(
    ^
  File "/Library/Frameworks/Python.framework/Versions/3.14/lib/python3.14/site-packages/sqlalchemy/engine/default.py", line 952, in do_execute
    cursor.execute(statement, parameters)
    ~~~~~~~~~~~~~~^^^^^^^^^^^^^^^^^^^^^^^
sqlalchemy.exc.OperationalError: (sqlite3.OperationalError) no such column: cart_item.quantity
[SQL: SELECT cart_item.id AS cart_item_id, cart_item.product_id AS cart_item_product_id, cart_item.quantity AS cart_item_quantity, cart_item.added_at AS cart_item_added_at 
FROM cart_item]
(Background on this error at: https://sqlalche.me/e/20/e3q8)
127.0.0.1 - - [22/Apr/2026 23:00:31] "[35m[1mGET /api/cart HTTP/1.1[0m" 500 -
Traceback (most recent call last):
  File "/Library/Frameworks/Python.framework/Versions/3.14/lib/python3.14/site-packages/sqlalchemy/engine/base.py", line 1967, in _exec_single_context
    self.dialect.do_execute(
    ^
  File "/Library/Frameworks/Python.framework/Versions/3.14/lib/python3.14/site-packages/sqlalchemy/engine/default.py", line 952, in do_execute
    cursor.execute(statement, parameters)
    ~~~~~~~~~~~~~~^^^^^^^^^^^^^^^^^^^^^^^
sqlite3.OperationalError: no such column: cart_item.quantity

The above exception was the direct cause of the following exception:

Traceback (most recent call last):
  File "/Library/Frameworks/Python.framework/Versions/3.14/lib/python3.14/site-packages/flask/app.py", line 1536, in __call__
    return self.wsgi_app(environ, start_response)
           ~~~~~~~~~~~~~^^^^^^^^^^^^^^^^^^^^^^^^^
  File "/Library/Frameworks/Python.framework/Versions/3.14/lib/python3.14/site-packages/flask/app.py", line 1514, in wsgi_app
    response = self.handle_exception(e)
  File "/Library/Frameworks/Python.framework/Versions/3.14/lib/python3.14/site-packages/flask_cors/extension.py", line 176, in wrapped_function
    return cors_after_request(app.make_response(f(*args, **kwargs)))
                                                ~^^^^^^^^^^^^^^^^^
  File "/Library/Frameworks/Python.framework/Versions/3.14/lib/python3.14/site-packages/flask/app.py", line 1511, in wsgi_app
    response = self.full_dispatch_request()
  File "/Library/Frameworks/Python.framework/Versions/3.14/lib/python3.14/site-packages/flask/app.py", line 919, in full_dispatch_request
    rv = self.handle_user_exception(e)
  File "/Library/Frameworks/Python.framework/Versions/3.14/lib/python3.14/site-packages/flask_cors/extension.py", line 176, in wrapped_function
    return cors_after_request(app.make_response(f(*args, **kwargs)))
                                                ~^^^^^^^^^^^^^^^^^
  File "/Library/Frameworks/Python.framework/Versions/3.14/lib/python3.14/site-packages/flask/app.py", line 917, in full_dispatch_request
    rv = self.dispatch_request()
  File "/Library/Frameworks/Python.framework/Versions/3.14/lib/python3.14/site-packages/flask/app.py", line 902, in dispatch_request
    return self.ensure_sync(self.view_functions[rule.endpoint])(**view_args)  # type: ignore[no-any-return]
           ~~~~~~~~~~~~~~~~~~~~~~~~~~~~~~~~~~~~~~~~~~~~~~~~~~~~^^^^^^^^^^^^^
  File "/Users/macbook/.gemini/antigravity/scratch/PETWEB.FINDER/backend/app.py", line 82, in get_cart
    items = CartItem.query.order_by(CartItem.added_at.desc()).all()
  File "/Library/Frameworks/Python.framework/Versions/3.14/lib/python3.14/site-packages/sqlalchemy/orm/query.py", line 2704, in all
    return self._iter().all()  # type: ignore
           ~~~~~~~~~~^^
  File "/Library/Frameworks/Python.framework/Versions/3.14/lib/python3.14/site-packages/sqlalchemy/orm/query.py", line 2857, in _iter
    result: Union[ScalarResult[_T], Result[_T]] = self.session.execute(
    
  File "/Library/Frameworks/Python.framework/Versions/3.14/lib/python3.14/site-packages/sqlalchemy/orm/session.py", line 2351, in execute
    return self._execute_internal(
    
  File "/Library/Frameworks/Python.framework/Versions/3.14/lib/python3.14/site-packages/sqlalchemy/orm/session.py", line 2249, in _execute_internal
    result: Result[Any] = compile_state_cls.orm_execute_statement(
    
  File "/Library/Frameworks/Python.framework/Versions/3.14/lib/python3.14/site-packages/sqlalchemy/orm/context.py", line 306, in orm_execute_statement
    result = conn.execute(
    
  File "/Library/Frameworks/Python.framework/Versions/3.14/lib/python3.14/site-packages/sqlalchemy/engine/base.py", line 1419, in execute
    return meth(
    
  File "/Library/Frameworks/Python.framework/Versions/3.14/lib/python3.14/site-packages/sqlalchemy/sql/elements.py", line 527, in _execute_on_connection
    return connection._execute_clauseelement(
    
  File "/Library/Frameworks/Python.framework/Versions/3.14/lib/python3.14/site-packages/sqlalchemy/engine/base.py", line 1641, in _execute_clauseelement
    ret = self._execute_context(
    
  File "/Library/Frameworks/Python.framework/Versions/3.14/lib/python3.14/site-packages/sqlalchemy/engine/base.py", line 1846, in _execute_context
    return self._exec_single_context(
    
  File "/Library/Frameworks/Python.framework/Versions/3.14/lib/python3.14/site-packages/sqlalchemy/engine/base.py", line 1986, in _exec_single_context
    self._handle_dbapi_exception(
    ^
  File "/Library/Frameworks/Python.framework/Versions/3.14/lib/python3.14/site-packages/sqlalchemy/engine/base.py", line 2363, in _handle_dbapi_exception
    raise sqlalchemy_exception.with_traceback(exc_info[2]) from e
  File "/Library/Frameworks/Python.framework/Versions/3.14/lib/python3.14/site-packages/sqlalchemy/engine/base.py", line 1967, in _exec_single_context
    self.dialect.do_execute(
    ^
  File "/Library/Frameworks/Python.framework/Versions/3.14/lib/python3.14/site-packages/sqlalchemy/engine/default.py", line 952, in do_execute
    cursor.execute(statement, parameters)
    ~~~~~~~~~~~~~~^^^^^^^^^^^^^^^^^^^^^^^
sqlalchemy.exc.OperationalError: (sqlite3.OperationalError) no such column: cart_item.quantity
[SQL: SELECT cart_item.id AS cart_item_id, cart_item.product_id AS cart_item_product_id, cart_item.quantity AS cart_item_quantity, cart_item.added_at AS cart_item_added_at 
FROM cart_item ORDER BY cart_item.added_at DESC]
(Background on this error at: https://sqlalche.me/e/20/e3q8)
127.0.0.1 - - [22/Apr/2026 23:00:52] "GET /api/market-pulse HTTP/1.1" 200 -
127.0.0.1 - - [22/Apr/2026 23:01:33] "GET /api/market-pulse HTTP/1.1" 200 -
127.0.0.1 - - [22/Apr/2026 23:01:33] "GET /api/countries HTTP/1.1" 200 -
127.0.0.1 - - [22/Apr/2026 23:01:33] "[35m[1mGET /api/cart HTTP/1.1[0m" 500 -
Traceback (most recent call last):
  File "/Library/Frameworks/Python.framework/Versions/3.14/lib/python3.14/site-packages/sqlalchemy/engine/base.py", line 1967, in _exec_single_context
    self.dialect.do_execute(
    ^
  File "/Library/Frameworks/Python.framework/Versions/3.14/lib/python3.14/site-packages/sqlalchemy/engine/default.py", line 952, in do_execute
    cursor.execute(statement, parameters)
    ~~~~~~~~~~~~~~^^^^^^^^^^^^^^^^^^^^^^^
sqlite3.OperationalError: no such column: cart_item.quantity

The above exception was the direct cause of the following exception:

Traceback (most recent call last):
  File "/Library/Frameworks/Python.framework/Versions/3.14/lib/python3.14/site-packages/flask/app.py", line 1536, in __call__
    return self.wsgi_app(environ, start_response)
           ~~~~~~~~~~~~~^^^^^^^^^^^^^^^^^^^^^^^^^
  File "/Library/Frameworks/Python.framework/Versions/3.14/lib/python3.14/site-packages/flask/app.py", line 1514, in wsgi_app
    response = self.handle_exception(e)
  File "/Library/Frameworks/Python.framework/Versions/3.14/lib/python3.14/site-packages/flask_cors/extension.py", line 176, in wrapped_function
    return cors_after_request(app.make_response(f(*args, **kwargs)))
                                                ~^^^^^^^^^^^^^^^^^
  File "/Library/Frameworks/Python.framework/Versions/3.14/lib/python3.14/site-packages/flask/app.py", line 1511, in wsgi_app
    response = self.full_dispatch_request()
  File "/Library/Frameworks/Python.framework/Versions/3.14/lib/python3.14/site-packages/flask/app.py", line 919, in full_dispatch_request
    rv = self.handle_user_exception(e)
  File "/Library/Frameworks/Python.framework/Versions/3.14/lib/python3.14/site-packages/flask_cors/extension.py", line 176, in wrapped_function
    return cors_after_request(app.make_response(f(*args, **kwargs)))
                                                ~^^^^^^^^^^^^^^^^^
  File "/Library/Frameworks/Python.framework/Versions/3.14/lib/python3.14/site-packages/flask/app.py", line 917, in full_dispatch_request
    rv = self.dispatch_request()
  File "/Library/Frameworks/Python.framework/Versions/3.14/lib/python3.14/site-packages/flask/app.py", line 902, in dispatch_request
    return self.ensure_sync(self.view_functions[rule.endpoint])(**view_args)  # type: ignore[no-any-return]
           ~~~~~~~~~~~~~~~~~~~~~~~~~~~~~~~~~~~~~~~~~~~~~~~~~~~~^^^^^^^^^^^^^
  File "/Users/macbook/.gemini/antigravity/scratch/PETWEB.FINDER/backend/app.py", line 82, in get_cart
    items = CartItem.query.order_by(CartItem.added_at.desc()).all()
  File "/Library/Frameworks/Python.framework/Versions/3.14/lib/python3.14/site-packages/sqlalchemy/orm/query.py", line 2704, in all
    return self._iter().all()  # type: ignore
           ~~~~~~~~~~^^
  File "/Library/Frameworks/Python.framework/Versions/3.14/lib/python3.14/site-packages/sqlalchemy/orm/query.py", line 2857, in _iter
    result: Union[ScalarResult[_T], Result[_T]] = self.session.execute(
    
  File "/Library/Frameworks/Python.framework/Versions/3.14/lib/python3.14/site-packages/sqlalchemy/orm/session.py", line 2351, in execute
    return self._execute_internal(
    
  File "/Library/Frameworks/Python.framework/Versions/3.14/lib/python3.14/site-packages/sqlalchemy/orm/session.py", line 2249, in _execute_internal
    result: Result[Any] = compile_state_cls.orm_execute_statement(
    
  File "/Library/Frameworks/Python.framework/Versions/3.14/lib/python3.14/site-packages/sqlalchemy/orm/context.py", line 306, in orm_execute_statement
    result = conn.execute(
    
  File "/Library/Frameworks/Python.framework/Versions/3.14/lib/python3.14/site-packages/sqlalchemy/engine/base.py", line 1419, in execute
    return meth(
    
  File "/Library/Frameworks/Python.framework/Versions/3.14/lib/python3.14/site-packages/sqlalchemy/sql/elements.py", line 527, in _execute_on_connection
    return connection._execute_clauseelement(
    
  File "/Library/Frameworks/Python.framework/Versions/3.14/lib/python3.14/site-packages/sqlalchemy/engine/base.py", line 1641, in _execute_clauseelement
    ret = self._execute_context(
    
  File "/Library/Frameworks/Python.framework/Versions/3.14/lib/python3.14/site-packages/sqlalchemy/engine/base.py", line 1846, in _execute_context
    return self._exec_single_context(
    
  File "/Library/Frameworks/Python.framework/Versions/3.14/lib/python3.14/site-packages/sqlalchemy/engine/base.py", line 1986, in _exec_single_context
    self._handle_dbapi_exception(
    ^
  File "/Library/Frameworks/Python.framework/Versions/3.14/lib/python3.14/site-packages/sqlalchemy/engine/base.py", line 2363, in _handle_dbapi_exception
    raise sqlalchemy_exception.with_traceback(exc_info[2]) from e
  File "/Library/Frameworks/Python.framework/Versions/3.14/lib/python3.14/site-packages/sqlalchemy/engine/base.py", line 1967, in _exec_single_context
    self.dialect.do_execute(
    ^
  File "/Library/Frameworks/Python.framework/Versions/3.14/lib/python3.14/site-packages/sqlalchemy/engine/default.py", line 952, in do_execute
    cursor.execute(statement, parameters)
    ~~~~~~~~~~~~~~^^^^^^^^^^^^^^^^^^^^^^^
sqlalchemy.exc.OperationalError: (sqlite3.OperationalError) no such column: cart_item.quantity
[SQL: SELECT cart_item.id AS cart_item_id, cart_item.product_id AS cart_item_product_id, cart_item.quantity AS cart_item_quantity, cart_item.added_at AS cart_item_added_at 
FROM cart_item ORDER BY cart_item.added_at DESC]
(Background on this error at: https://sqlalche.me/e/20/e3q8)
127.0.0.1 - - [22/Apr/2026 23:01:35] "OPTIONS /api/search HTTP/1.1" 200 -
127.0.0.1 - - [22/Apr/2026 23:01:35] "POST /api/search HTTP/1.1" 200 -
127.0.0.1 - - [22/Apr/2026 23:01:51] "GET /api/orders HTTP/1.1" 200 -
127.0.0.1 - - [22/Apr/2026 23:01:52] "[35m[1mGET /api/optimize HTTP/1.1[0m" 500 -
127.0.0.1 - - [22/Apr/2026 23:01:52] "[35m[1mGET /api/cart HTTP/1.1[0m" 500 -
Traceback (most recent call last):
  File "/Library/Frameworks/Python.framework/Versions/3.14/lib/python3.14/site-packages/sqlalchemy/engine/base.py", line 1967, in _exec_single_context
    self.dialect.do_execute(
    ^
  File "/Library/Frameworks/Python.framework/Versions/3.14/lib/python3.14/site-packages/sqlalchemy/engine/default.py", line 952, in do_execute
    cursor.execute(statement, parameters)
    ~~~~~~~~~~~~~~^^^^^^^^^^^^^^^^^^^^^^^
sqlite3.OperationalError: no such column: cart_item.quantity

The above exception was the direct cause of the following exception:

Traceback (most recent call last):
  File "/Library/Frameworks/Python.framework/Versions/3.14/lib/python3.14/site-packages/flask/app.py", line 1536, in __call__
    return self.wsgi_app(environ, start_response)
           ~~~~~~~~~~~~~^^^^^^^^^^^^^^^^^^^^^^^^^
  File "/Library/Frameworks/Python.framework/Versions/3.14/lib/python3.14/site-packages/flask/app.py", line 1514, in wsgi_app
    response = self.handle_exception(e)
  File "/Library/Frameworks/Python.framework/Versions/3.14/lib/python3.14/site-packages/flask_cors/extension.py", line 176, in wrapped_function
    return cors_after_request(app.make_response(f(*args, **kwargs)))
                                                ~^^^^^^^^^^^^^^^^^
  File "/Library/Frameworks/Python.framework/Versions/3.14/lib/python3.14/site-packages/flask/app.py", line 1511, in wsgi_app
    response = self.full_dispatch_request()
  File "/Library/Frameworks/Python.framework/Versions/3.14/lib/python3.14/site-packages/flask/app.py", line 919, in full_dispatch_request
    rv = self.handle_user_exception(e)
  File "/Library/Frameworks/Python.framework/Versions/3.14/lib/python3.14/site-packages/flask_cors/extension.py", line 176, in wrapped_function
    return cors_after_request(app.make_response(f(*args, **kwargs)))
                                                ~^^^^^^^^^^^^^^^^^
  File "/Library/Frameworks/Python.framework/Versions/3.14/lib/python3.14/site-packages/flask/app.py", line 917, in full_dispatch_request
    rv = self.dispatch_request()
  File "/Library/Frameworks/Python.framework/Versions/3.14/lib/python3.14/site-packages/flask/app.py", line 902, in dispatch_request
    return self.ensure_sync(self.view_functions[rule.endpoint])(**view_args)  # type: ignore[no-any-return]
           ~~~~~~~~~~~~~~~~~~~~~~~~~~~~~~~~~~~~~~~~~~~~~~~~~~~~^^^^^^^^^^^^^
  File "/Users/macbook/.gemini/antigravity/scratch/PETWEB.FINDER/backend/app.py", line 170, in optimize_procurement
    cart_items = CartItem.query.all()
  File "/Library/Frameworks/Python.framework/Versions/3.14/lib/python3.14/site-packages/sqlalchemy/orm/query.py", line 2704, in all
    return self._iter().all()  # type: ignore
           ~~~~~~~~~~^^
  File "/Library/Frameworks/Python.framework/Versions/3.14/lib/python3.14/site-packages/sqlalchemy/orm/query.py", line 2857, in _iter
    result: Union[ScalarResult[_T], Result[_T]] = self.session.execute(
    
  File "/Library/Frameworks/Python.framework/Versions/3.14/lib/python3.14/site-packages/sqlalchemy/orm/session.py", line 2351, in execute
    return self._execute_internal(
    
  File "/Library/Frameworks/Python.framework/Versions/3.14/lib/python3.14/site-packages/sqlalchemy/orm/session.py", line 2249, in _execute_internal
    result: Result[Any] = compile_state_cls.orm_execute_statement(
    
  File "/Library/Frameworks/Python.framework/Versions/3.14/lib/python3.14/site-packages/sqlalchemy/orm/context.py", line 306, in orm_execute_statement
    result = conn.execute(
    
  File "/Library/Frameworks/Python.framework/Versions/3.14/lib/python3.14/site-packages/sqlalchemy/engine/base.py", line 1419, in execute
    return meth(
    
  File "/Library/Frameworks/Python.framework/Versions/3.14/lib/python3.14/site-packages/sqlalchemy/sql/elements.py", line 527, in _execute_on_connection
    return connection._execute_clauseelement(
    
  File "/Library/Frameworks/Python.framework/Versions/3.14/lib/python3.14/site-packages/sqlalchemy/engine/base.py", line 1641, in _execute_clauseelement
    ret = self._execute_context(
    
  File "/Library/Frameworks/Python.framework/Versions/3.14/lib/python3.14/site-packages/sqlalchemy/engine/base.py", line 1846, in _execute_context
    return self._exec_single_context(
    
  File "/Library/Frameworks/Python.framework/Versions/3.14/lib/python3.14/site-packages/sqlalchemy/engine/base.py", line 1986, in _exec_single_context
    self._handle_dbapi_exception(
    ^
  File "/Library/Frameworks/Python.framework/Versions/3.14/lib/python3.14/site-packages/sqlalchemy/engine/base.py", line 2363, in _handle_dbapi_exception
    raise sqlalchemy_exception.with_traceback(exc_info[2]) from e
  File "/Library/Frameworks/Python.framework/Versions/3.14/lib/python3.14/site-packages/sqlalchemy/engine/base.py", line 1967, in _exec_single_context
    self.dialect.do_execute(
    ^
  File "/Library/Frameworks/Python.framework/Versions/3.14/lib/python3.14/site-packages/sqlalchemy/engine/default.py", line 952, in do_execute
    cursor.execute(statement, parameters)
    ~~~~~~~~~~~~~~^^^^^^^^^^^^^^^^^^^^^^^
sqlalchemy.exc.OperationalError: (sqlite3.OperationalError) no such column: cart_item.quantity
[SQL: SELECT cart_item.id AS cart_item_id, cart_item.product_id AS cart_item_product_id, cart_item.quantity AS cart_item_quantity, cart_item.added_at AS cart_item_added_at 
FROM cart_item]
(Background on this error at: https://sqlalche.me/e/20/e3q8)
Traceback (most recent call last):
  File "/Library/Frameworks/Python.framework/Versions/3.14/lib/python3.14/site-packages/sqlalchemy/engine/base.py", line 1967, in _exec_single_context
    self.dialect.do_execute(
    ^
  File "/Library/Frameworks/Python.framework/Versions/3.14/lib/python3.14/site-packages/sqlalchemy/engine/default.py", line 952, in do_execute
    cursor.execute(statement, parameters)
    ~~~~~~~~~~~~~~^^^^^^^^^^^^^^^^^^^^^^^
sqlite3.OperationalError: no such column: cart_item.quantity

The above exception was the direct cause of the following exception:

Traceback (most recent call last):
  File "/Library/Frameworks/Python.framework/Versions/3.14/lib/python3.14/site-packages/flask/app.py", line 1536, in __call__
    return self.wsgi_app(environ, start_response)
           ~~~~~~~~~~~~~^^^^^^^^^^^^^^^^^^^^^^^^^
  File "/Library/Frameworks/Python.framework/Versions/3.14/lib/python3.14/site-packages/flask/app.py", line 1514, in wsgi_app
    response = self.handle_exception(e)
  File "/Library/Frameworks/Python.framework/Versions/3.14/lib/python3.14/site-packages/flask_cors/extension.py", line 176, in wrapped_function
    return cors_after_request(app.make_response(f(*args, **kwargs)))
                                                ~^^^^^^^^^^^^^^^^^
  File "/Library/Frameworks/Python.framework/Versions/3.14/lib/python3.14/site-packages/flask/app.py", line 1511, in wsgi_app
    response = self.full_dispatch_request()
  File "/Library/Frameworks/Python.framework/Versions/3.14/lib/python3.14/site-packages/flask/app.py", line 919, in full_dispatch_request
    rv = self.handle_user_exception(e)
  File "/Library/Frameworks/Python.framework/Versions/3.14/lib/python3.14/site-packages/flask_cors/extension.py", line 176, in wrapped_function
    return cors_after_request(app.make_response(f(*args, **kwargs)))
                                                ~^^^^^^^^^^^^^^^^^
  File "/Library/Frameworks/Python.framework/Versions/3.14/lib/python3.14/site-packages/flask/app.py", line 917, in full_dispatch_request
    rv = self.dispatch_request()
  File "/Library/Frameworks/Python.framework/Versions/3.14/lib/python3.14/site-packages/flask/app.py", line 902, in dispatch_request
    return self.ensure_sync(self.view_functions[rule.endpoint])(**view_args)  # type: ignore[no-any-return]
           ~~~~~~~~~~~~~~~~~~~~~~~~~~~~~~~~~~~~~~~~~~~~~~~~~~~~^^^^^^^^^^^^^
  File "/Users/macbook/.gemini/antigravity/scratch/PETWEB.FINDER/backend/app.py", line 82, in get_cart
    items = CartItem.query.order_by(CartItem.added_at.desc()).all()
  File "/Library/Frameworks/Python.framework/Versions/3.14/lib/python3.14/site-packages/sqlalchemy/orm/query.py", line 2704, in all
    return self._iter().all()  # type: ignore
           ~~~~~~~~~~^^
  File "/Library/Frameworks/Python.framework/Versions/3.14/lib/python3.14/site-packages/sqlalchemy/orm/query.py", line 2857, in _iter
    result: Union[ScalarResult[_T], Result[_T]] = self.session.execute(
    
  File "/Library/Frameworks/Python.framework/Versions/3.14/lib/python3.14/site-packages/sqlalchemy/orm/session.py", line 2351, in execute
    return self._execute_internal(
    
  File "/Library/Frameworks/Python.framework/Versions/3.14/lib/python3.14/site-packages/sqlalchemy/orm/session.py", line 2249, in _execute_internal
    result: Result[Any] = compile_state_cls.orm_execute_statement(
    
  File "/Library/Frameworks/Python.framework/Versions/3.14/lib/python3.14/site-packages/sqlalchemy/orm/context.py", line 306, in orm_execute_statement
    result = conn.execute(
    
  File "/Library/Frameworks/Python.framework/Versions/3.14/lib/python3.14/site-packages/sqlalchemy/engine/base.py", line 1419, in execute
    return meth(
    
  File "/Library/Frameworks/Python.framework/Versions/3.14/lib/python3.14/site-packages/sqlalchemy/sql/elements.py", line 527, in _execute_on_connection
    return connection._execute_clauseelement(
    
  File "/Library/Frameworks/Python.framework/Versions/3.14/lib/python3.14/site-packages/sqlalchemy/engine/base.py", line 1641, in _execute_clauseelement
    ret = self._execute_context(
    
  File "/Library/Frameworks/Python.framework/Versions/3.14/lib/python3.14/site-packages/sqlalchemy/engine/base.py", line 1846, in _execute_context
    return self._exec_single_context(
    
  File "/Library/Frameworks/Python.framework/Versions/3.14/lib/python3.14/site-packages/sqlalchemy/engine/base.py", line 1986, in _exec_single_context
    self._handle_dbapi_exception(
    ^
  File "/Library/Frameworks/Python.framework/Versions/3.14/lib/python3.14/site-packages/sqlalchemy/engine/base.py", line 2363, in _handle_dbapi_exception
    raise sqlalchemy_exception.with_traceback(exc_info[2]) from e
  File "/Library/Frameworks/Python.framework/Versions/3.14/lib/python3.14/site-packages/sqlalchemy/engine/base.py", line 1967, in _exec_single_context
    self.dialect.do_execute(
    ^
  File "/Library/Frameworks/Python.framework/Versions/3.14/lib/python3.14/site-packages/sqlalchemy/engine/default.py", line 952, in do_execute
    cursor.execute(statement, parameters)
    ~~~~~~~~~~~~~~^^^^^^^^^^^^^^^^^^^^^^^
sqlalchemy.exc.OperationalError: (sqlite3.OperationalError) no such column: cart_item.quantity
[SQL: SELECT cart_item.id AS cart_item_id, cart_item.product_id AS cart_item_product_id, cart_item.quantity AS cart_item_quantity, cart_item.added_at AS cart_item_added_at 
FROM cart_item ORDER BY cart_item.added_at DESC]
(Background on this error at: https://sqlalche.me/e/20/e3q8)
127.0.0.1 - - [22/Apr/2026 23:02:33] "GET /api/market-pulse HTTP/1.1" 200 -
127.0.0.1 - - [22/Apr/2026 23:03:33] "GET /api/market-pulse HTTP/1.1" 200 -
127.0.0.1 - - [22/Apr/2026 23:04:21] "GET /api/market-pulse HTTP/1.1" 200 -
127.0.0.1 - - [22/Apr/2026 23:04:21] "GET /api/countries HTTP/1.1" 200 -
127.0.0.1 - - [22/Apr/2026 23:04:21] "[35m[1mGET /api/cart HTTP/1.1[0m" 500 -
Traceback (most recent call last):
  File "/Library/Frameworks/Python.framework/Versions/3.14/lib/python3.14/site-packages/sqlalchemy/engine/base.py", line 1967, in _exec_single_context
    self.dialect.do_execute(
    ^
  File "/Library/Frameworks/Python.framework/Versions/3.14/lib/python3.14/site-packages/sqlalchemy/engine/default.py", line 952, in do_execute
    cursor.execute(statement, parameters)
    ~~~~~~~~~~~~~~^^^^^^^^^^^^^^^^^^^^^^^
sqlite3.OperationalError: no such column: cart_item.quantity

The above exception was the direct cause of the following exception:

Traceback (most recent call last):
  File "/Library/Frameworks/Python.framework/Versions/3.14/lib/python3.14/site-packages/flask/app.py", line 1536, in __call__
    return self.wsgi_app(environ, start_response)
           ~~~~~~~~~~~~~^^^^^^^^^^^^^^^^^^^^^^^^^
  File "/Library/Frameworks/Python.framework/Versions/3.14/lib/python3.14/site-packages/flask/app.py", line 1514, in wsgi_app
    response = self.handle_exception(e)
  File "/Library/Frameworks/Python.framework/Versions/3.14/lib/python3.14/site-packages/flask_cors/extension.py", line 176, in wrapped_function
    return cors_after_request(app.make_response(f(*args, **kwargs)))
                                                ~^^^^^^^^^^^^^^^^^
  File "/Library/Frameworks/Python.framework/Versions/3.14/lib/python3.14/site-packages/flask/app.py", line 1511, in wsgi_app
    response = self.full_dispatch_request()
  File "/Library/Frameworks/Python.framework/Versions/3.14/lib/python3.14/site-packages/flask/app.py", line 919, in full_dispatch_request
    rv = self.handle_user_exception(e)
  File "/Library/Frameworks/Python.framework/Versions/3.14/lib/python3.14/site-packages/flask_cors/extension.py", line 176, in wrapped_function
    return cors_after_request(app.make_response(f(*args, **kwargs)))
                                                ~^^^^^^^^^^^^^^^^^
  File "/Library/Frameworks/Python.framework/Versions/3.14/lib/python3.14/site-packages/flask/app.py", line 917, in full_dispatch_request
    rv = self.dispatch_request()
  File "/Library/Frameworks/Python.framework/Versions/3.14/lib/python3.14/site-packages/flask/app.py", line 902, in dispatch_request
    return self.ensure_sync(self.view_functions[rule.endpoint])(**view_args)  # type: ignore[no-any-return]
           ~~~~~~~~~~~~~~~~~~~~~~~~~~~~~~~~~~~~~~~~~~~~~~~~~~~~^^^^^^^^^^^^^
  File "/Users/macbook/.gemini/antigravity/scratch/PETWEB.FINDER/backend/app.py", line 82, in get_cart
    items = CartItem.query.order_by(CartItem.added_at.desc()).all()
  File "/Library/Frameworks/Python.framework/Versions/3.14/lib/python3.14/site-packages/sqlalchemy/orm/query.py", line 2704, in all
    return self._iter().all()  # type: ignore
           ~~~~~~~~~~^^
  File "/Library/Frameworks/Python.framework/Versions/3.14/lib/python3.14/site-packages/sqlalchemy/orm/query.py", line 2857, in _iter
    result: Union[ScalarResult[_T], Result[_T]] = self.session.execute(
    
  File "/Library/Frameworks/Python.framework/Versions/3.14/lib/python3.14/site-packages/sqlalchemy/orm/session.py", line 2351, in execute
    return self._execute_internal(
    
  File "/Library/Frameworks/Python.framework/Versions/3.14/lib/python3.14/site-packages/sqlalchemy/orm/session.py", line 2249, in _execute_internal
    result: Result[Any] = compile_state_cls.orm_execute_statement(
    
  File "/Library/Frameworks/Python.framework/Versions/3.14/lib/python3.14/site-packages/sqlalchemy/orm/context.py", line 306, in orm_execute_statement
    result = conn.execute(
    
  File "/Library/Frameworks/Python.framework/Versions/3.14/lib/python3.14/site-packages/sqlalchemy/engine/base.py", line 1419, in execute
    return meth(
    
  File "/Library/Frameworks/Python.framework/Versions/3.14/lib/python3.14/site-packages/sqlalchemy/sql/elements.py", line 527, in _execute_on_connection
    return connection._execute_clauseelement(
    
  File "/Library/Frameworks/Python.framework/Versions/3.14/lib/python3.14/site-packages/sqlalchemy/engine/base.py", line 1641, in _execute_clauseelement
    ret = self._execute_context(
    
  File "/Library/Frameworks/Python.framework/Versions/3.14/lib/python3.14/site-packages/sqlalchemy/engine/base.py", line 1846, in _execute_context
    return self._exec_single_context(
    
  File "/Library/Frameworks/Python.framework/Versions/3.14/lib/python3.14/site-packages/sqlalchemy/engine/base.py", line 1986, in _exec_single_context
    self._handle_dbapi_exception(
    ^
  File "/Library/Frameworks/Python.framework/Versions/3.14/lib/python3.14/site-packages/sqlalchemy/engine/base.py", line 2363, in _handle_dbapi_exception
    raise sqlalchemy_exception.with_traceback(exc_info[2]) from e
  File "/Library/Frameworks/Python.framework/Versions/3.14/lib/python3.14/site-packages/sqlalchemy/engine/base.py", line 1967, in _exec_single_context
    self.dialect.do_execute(
    ^
  File "/Library/Frameworks/Python.framework/Versions/3.14/lib/python3.14/site-packages/sqlalchemy/engine/default.py", line 952, in do_execute
    cursor.execute(statement, parameters)
    ~~~~~~~~~~~~~~^^^^^^^^^^^^^^^^^^^^^^^
sqlalchemy.exc.OperationalError: (sqlite3.OperationalError) no such column: cart_item.quantity
[SQL: SELECT cart_item.id AS cart_item_id, cart_item.product_id AS cart_item_product_id, cart_item.quantity AS cart_item_quantity, cart_item.added_at AS cart_item_added_at 
FROM cart_item ORDER BY cart_item.added_at DESC]
(Background on this error at: https://sqlalche.me/e/20/e3q8)
127.0.0.1 - - [22/Apr/2026 23:04:23] "OPTIONS /api/search HTTP/1.1" 200 -
127.0.0.1 - - [22/Apr/2026 23:04:23] "POST /api/search HTTP/1.1" 200 -
127.0.0.1 - - [22/Apr/2026 23:04:30] "OPTIONS /api/cart HTTP/1.1" 200 -
127.0.0.1 - - [22/Apr/2026 23:04:30] "[35m[1mPOST /api/cart HTTP/1.1[0m" 500 -
Traceback (most recent call last):
  File "/Library/Frameworks/Python.framework/Versions/3.14/lib/python3.14/site-packages/sqlalchemy/engine/base.py", line 1967, in _exec_single_context
    self.dialect.do_execute(
    ^
  File "/Library/Frameworks/Python.framework/Versions/3.14/lib/python3.14/site-packages/sqlalchemy/engine/default.py", line 952, in do_execute
    cursor.execute(statement, parameters)
    ~~~~~~~~~~~~~~^^^^^^^^^^^^^^^^^^^^^^^
sqlite3.OperationalError: no such column: cart_item.quantity

The above exception was the direct cause of the following exception:

Traceback (most recent call last):
  File "/Library/Frameworks/Python.framework/Versions/3.14/lib/python3.14/site-packages/flask/app.py", line 1536, in __call__
    return self.wsgi_app(environ, start_response)
           ~~~~~~~~~~~~~^^^^^^^^^^^^^^^^^^^^^^^^^
  File "/Library/Frameworks/Python.framework/Versions/3.14/lib/python3.14/site-packages/flask/app.py", line 1514, in wsgi_app
    response = self.handle_exception(e)
  File "/Library/Frameworks/Python.framework/Versions/3.14/lib/python3.14/site-packages/flask_cors/extension.py", line 176, in wrapped_function
    return cors_after_request(app.make_response(f(*args, **kwargs)))
                                                ~^^^^^^^^^^^^^^^^^
  File "/Library/Frameworks/Python.framework/Versions/3.14/lib/python3.14/site-packages/flask/app.py", line 1511, in wsgi_app
    response = self.full_dispatch_request()
  File "/Library/Frameworks/Python.framework/Versions/3.14/lib/python3.14/site-packages/flask/app.py", line 919, in full_dispatch_request
    rv = self.handle_user_exception(e)
  File "/Library/Frameworks/Python.framework/Versions/3.14/lib/python3.14/site-packages/flask_cors/extension.py", line 176, in wrapped_function
    return cors_after_request(app.make_response(f(*args, **kwargs)))
                                                ~^^^^^^^^^^^^^^^^^
  File "/Library/Frameworks/Python.framework/Versions/3.14/lib/python3.14/site-packages/flask/app.py", line 917, in full_dispatch_request
    rv = self.dispatch_request()
  File "/Library/Frameworks/Python.framework/Versions/3.14/lib/python3.14/site-packages/flask/app.py", line 902, in dispatch_request
    return self.ensure_sync(self.view_functions[rule.endpoint])(**view_args)  # type: ignore[no-any-return]
           ~~~~~~~~~~~~~~~~~~~~~~~~~~~~~~~~~~~~~~~~~~~~~~~~~~~~^^^^^^^^^^^^^
  File "/Users/macbook/.gemini/antigravity/scratch/PETWEB.FINDER/backend/app.py", line 94, in add_to_cart
    existing = CartItem.query.filter_by(product_id=product_id).first()
  File "/Library/Frameworks/Python.framework/Versions/3.14/lib/python3.14/site-packages/sqlalchemy/orm/query.py", line 2759, in first
    return self.limit(1)._iter().first()  # type: ignore
           ~~~~~~~~~~~~~~~~~~~^^
  File "/Library/Frameworks/Python.framework/Versions/3.14/lib/python3.14/site-packages/sqlalchemy/orm/query.py", line 2857, in _iter
    result: Union[ScalarResult[_T], Result[_T]] = self.session.execute(
    
  File "/Library/Frameworks/Python.framework/Versions/3.14/lib/python3.14/site-packages/sqlalchemy/orm/session.py", line 2351, in execute
    return self._execute_internal(
    
  File "/Library/Frameworks/Python.framework/Versions/3.14/lib/python3.14/site-packages/sqlalchemy/orm/session.py", line 2249, in _execute_internal
    result: Result[Any] = compile_state_cls.orm_execute_statement(
    
  File "/Library/Frameworks/Python.framework/Versions/3.14/lib/python3.14/site-packages/sqlalchemy/orm/context.py", line 306, in orm_execute_statement
    result = conn.execute(
    
  File "/Library/Frameworks/Python.framework/Versions/3.14/lib/python3.14/site-packages/sqlalchemy/engine/base.py", line 1419, in execute
    return meth(
    
  File "/Library/Frameworks/Python.framework/Versions/3.14/lib/python3.14/site-packages/sqlalchemy/sql/elements.py", line 527, in _execute_on_connection
    return connection._execute_clauseelement(
    
  File "/Library/Frameworks/Python.framework/Versions/3.14/lib/python3.14/site-packages/sqlalchemy/engine/base.py", line 1641, in _execute_clauseelement
    ret = self._execute_context(
    
  File "/Library/Frameworks/Python.framework/Versions/3.14/lib/python3.14/site-packages/sqlalchemy/engine/base.py", line 1846, in _execute_context
    return self._exec_single_context(
    
  File "/Library/Frameworks/Python.framework/Versions/3.14/lib/python3.14/site-packages/sqlalchemy/engine/base.py", line 1986, in _exec_single_context
    self._handle_dbapi_exception(
    ^
  File "/Library/Frameworks/Python.framework/Versions/3.14/lib/python3.14/site-packages/sqlalchemy/engine/base.py", line 2363, in _handle_dbapi_exception
    raise sqlalchemy_exception.with_traceback(exc_info[2]) from e
  File "/Library/Frameworks/Python.framework/Versions/3.14/lib/python3.14/site-packages/sqlalchemy/engine/base.py", line 1967, in _exec_single_context
    self.dialect.do_execute(
    ^
  File "/Library/Frameworks/Python.framework/Versions/3.14/lib/python3.14/site-packages/sqlalchemy/engine/default.py", line 952, in do_execute
    cursor.execute(statement, parameters)
    ~~~~~~~~~~~~~~^^^^^^^^^^^^^^^^^^^^^^^
sqlalchemy.exc.OperationalError: (sqlite3.OperationalError) no such column: cart_item.quantity
[SQL: SELECT cart_item.id AS cart_item_id, cart_item.product_id AS cart_item_product_id, cart_item.quantity AS cart_item_quantity, cart_item.added_at AS cart_item_added_at 
FROM cart_item 
WHERE cart_item.product_id = ?
 LIMIT ? OFFSET ?]
[parameters: (2, 1, 0)]
(Background on this error at: https://sqlalche.me/e/20/e3q8)
127.0.0.1 - - [22/Apr/2026 23:04:32] "[35m[1mPOST /api/cart HTTP/1.1[0m" 500 -
Traceback (most recent call last):
  File "/Library/Frameworks/Python.framework/Versions/3.14/lib/python3.14/site-packages/sqlalchemy/engine/base.py", line 1967, in _exec_single_context
    self.dialect.do_execute(
    ^
  File "/Library/Frameworks/Python.framework/Versions/3.14/lib/python3.14/site-packages/sqlalchemy/engine/default.py", line 952, in do_execute
    cursor.execute(statement, parameters)
    ~~~~~~~~~~~~~~^^^^^^^^^^^^^^^^^^^^^^^
sqlite3.OperationalError: no such column: cart_item.quantity

The above exception was the direct cause of the following exception:

Traceback (most recent call last):
  File "/Library/Frameworks/Python.framework/Versions/3.14/lib/python3.14/site-packages/flask/app.py", line 1536, in __call__
    return self.wsgi_app(environ, start_response)
           ~~~~~~~~~~~~~^^^^^^^^^^^^^^^^^^^^^^^^^
  File "/Library/Frameworks/Python.framework/Versions/3.14/lib/python3.14/site-packages/flask/app.py", line 1514, in wsgi_app
    response = self.handle_exception(e)
  File "/Library/Frameworks/Python.framework/Versions/3.14/lib/python3.14/site-packages/flask_cors/extension.py", line 176, in wrapped_function
    return cors_after_request(app.make_response(f(*args, **kwargs)))
                                                ~^^^^^^^^^^^^^^^^^
  File "/Library/Frameworks/Python.framework/Versions/3.14/lib/python3.14/site-packages/flask/app.py", line 1511, in wsgi_app
    response = self.full_dispatch_request()
  File "/Library/Frameworks/Python.framework/Versions/3.14/lib/python3.14/site-packages/flask/app.py", line 919, in full_dispatch_request
    rv = self.handle_user_exception(e)
  File "/Library/Frameworks/Python.framework/Versions/3.14/lib/python3.14/site-packages/flask_cors/extension.py", line 176, in wrapped_function
    return cors_after_request(app.make_response(f(*args, **kwargs)))
                                                ~^^^^^^^^^^^^^^^^^
  File "/Library/Frameworks/Python.framework/Versions/3.14/lib/python3.14/site-packages/flask/app.py", line 917, in full_dispatch_request
    rv = self.dispatch_request()
  File "/Library/Frameworks/Python.framework/Versions/3.14/lib/python3.14/site-packages/flask/app.py", line 902, in dispatch_request
    return self.ensure_sync(self.view_functions[rule.endpoint])(**view_args)  # type: ignore[no-any-return]
           ~~~~~~~~~~~~~~~~~~~~~~~~~~~~~~~~~~~~~~~~~~~~~~~~~~~~^^^^^^^^^^^^^
  File "/Users/macbook/.gemini/antigravity/scratch/PETWEB.FINDER/backend/app.py", line 94, in add_to_cart
    existing = CartItem.query.filter_by(product_id=product_id).first()
  File "/Library/Frameworks/Python.framework/Versions/3.14/lib/python3.14/site-packages/sqlalchemy/orm/query.py", line 2759, in first
    return self.limit(1)._iter().first()  # type: ignore
           ~~~~~~~~~~~~~~~~~~~^^
  File "/Library/Frameworks/Python.framework/Versions/3.14/lib/python3.14/site-packages/sqlalchemy/orm/query.py", line 2857, in _iter
    result: Union[ScalarResult[_T], Result[_T]] = self.session.execute(
    
  File "/Library/Frameworks/Python.framework/Versions/3.14/lib/python3.14/site-packages/sqlalchemy/orm/session.py", line 2351, in execute
    return self._execute_internal(
    
  File "/Library/Frameworks/Python.framework/Versions/3.14/lib/python3.14/site-packages/sqlalchemy/orm/session.py", line 2249, in _execute_internal
    result: Result[Any] = compile_state_cls.orm_execute_statement(
    
  File "/Library/Frameworks/Python.framework/Versions/3.14/lib/python3.14/site-packages/sqlalchemy/orm/context.py", line 306, in orm_execute_statement
    result = conn.execute(
    
  File "/Library/Frameworks/Python.framework/Versions/3.14/lib/python3.14/site-packages/sqlalchemy/engine/base.py", line 1419, in execute
    return meth(
    
  File "/Library/Frameworks/Python.framework/Versions/3.14/lib/python3.14/site-packages/sqlalchemy/sql/elements.py", line 527, in _execute_on_connection
    return connection._execute_clauseelement(
    
  File "/Library/Frameworks/Python.framework/Versions/3.14/lib/python3.14/site-packages/sqlalchemy/engine/base.py", line 1641, in _execute_clauseelement
    ret = self._execute_context(
    
  File "/Library/Frameworks/Python.framework/Versions/3.14/lib/python3.14/site-packages/sqlalchemy/engine/base.py", line 1846, in _execute_context
    return self._exec_single_context(
    
  File "/Library/Frameworks/Python.framework/Versions/3.14/lib/python3.14/site-packages/sqlalchemy/engine/base.py", line 1986, in _exec_single_context
    self._handle_dbapi_exception(
    ^
  File "/Library/Frameworks/Python.framework/Versions/3.14/lib/python3.14/site-packages/sqlalchemy/engine/base.py", line 2363, in _handle_dbapi_exception
    raise sqlalchemy_exception.with_traceback(exc_info[2]) from e
  File "/Library/Frameworks/Python.framework/Versions/3.14/lib/python3.14/site-packages/sqlalchemy/engine/base.py", line 1967, in _exec_single_context
    self.dialect.do_execute(
    ^
  File "/Library/Frameworks/Python.framework/Versions/3.14/lib/python3.14/site-packages/sqlalchemy/engine/default.py", line 952, in do_execute
    cursor.execute(statement, parameters)
    ~~~~~~~~~~~~~~^^^^^^^^^^^^^^^^^^^^^^^
sqlalchemy.exc.OperationalError: (sqlite3.OperationalError) no such column: cart_item.quantity
[SQL: SELECT cart_item.id AS cart_item_id, cart_item.product_id AS cart_item_product_id, cart_item.quantity AS cart_item_quantity, cart_item.added_at AS cart_item_added_at 
FROM cart_item 
WHERE cart_item.product_id = ?
 LIMIT ? OFFSET ?]
[parameters: (2, 1, 0)]
(Background on this error at: https://sqlalche.me/e/20/e3q8)
127.0.0.1 - - [22/Apr/2026 23:04:33] "[35m[1mPOST /api/cart HTTP/1.1[0m" 500 -
Traceback (most recent call last):
  File "/Library/Frameworks/Python.framework/Versions/3.14/lib/python3.14/site-packages/sqlalchemy/engine/base.py", line 1967, in _exec_single_context
    self.dialect.do_execute(
    ^
  File "/Library/Frameworks/Python.framework/Versions/3.14/lib/python3.14/site-packages/sqlalchemy/engine/default.py", line 952, in do_execute
    cursor.execute(statement, parameters)
    ~~~~~~~~~~~~~~^^^^^^^^^^^^^^^^^^^^^^^
sqlite3.OperationalError: no such column: cart_item.quantity

The above exception was the direct cause of the following exception:

Traceback (most recent call last):
  File "/Library/Frameworks/Python.framework/Versions/3.14/lib/python3.14/site-packages/flask/app.py", line 1536, in __call__
    return self.wsgi_app(environ, start_response)
           ~~~~~~~~~~~~~^^^^^^^^^^^^^^^^^^^^^^^^^
  File "/Library/Frameworks/Python.framework/Versions/3.14/lib/python3.14/site-packages/flask/app.py", line 1514, in wsgi_app
    response = self.handle_exception(e)
  File "/Library/Frameworks/Python.framework/Versions/3.14/lib/python3.14/site-packages/flask_cors/extension.py", line 176, in wrapped_function
    return cors_after_request(app.make_response(f(*args, **kwargs)))
                                                ~^^^^^^^^^^^^^^^^^
  File "/Library/Frameworks/Python.framework/Versions/3.14/lib/python3.14/site-packages/flask/app.py", line 1511, in wsgi_app
    response = self.full_dispatch_request()
  File "/Library/Frameworks/Python.framework/Versions/3.14/lib/python3.14/site-packages/flask/app.py", line 919, in full_dispatch_request
    rv = self.handle_user_exception(e)
  File "/Library/Frameworks/Python.framework/Versions/3.14/lib/python3.14/site-packages/flask_cors/extension.py", line 176, in wrapped_function
    return cors_after_request(app.make_response(f(*args, **kwargs)))
                                                ~^^^^^^^^^^^^^^^^^
  File "/Library/Frameworks/Python.framework/Versions/3.14/lib/python3.14/site-packages/flask/app.py", line 917, in full_dispatch_request
    rv = self.dispatch_request()
  File "/Library/Frameworks/Python.framework/Versions/3.14/lib/python3.14/site-packages/flask/app.py", line 902, in dispatch_request
    return self.ensure_sync(self.view_functions[rule.endpoint])(**view_args)  # type: ignore[no-any-return]
           ~~~~~~~~~~~~~~~~~~~~~~~~~~~~~~~~~~~~~~~~~~~~~~~~~~~~^^^^^^^^^^^^^
  File "/Users/macbook/.gemini/antigravity/scratch/PETWEB.FINDER/backend/app.py", line 94, in add_to_cart
    existing = CartItem.query.filter_by(product_id=product_id).first()
  File "/Library/Frameworks/Python.framework/Versions/3.14/lib/python3.14/site-packages/sqlalchemy/orm/query.py", line 2759, in first
    return self.limit(1)._iter().first()  # type: ignore
           ~~~~~~~~~~~~~~~~~~~^^
  File "/Library/Frameworks/Python.framework/Versions/3.14/lib/python3.14/site-packages/sqlalchemy/orm/query.py", line 2857, in _iter
    result: Union[ScalarResult[_T], Result[_T]] = self.session.execute(
    
  File "/Library/Frameworks/Python.framework/Versions/3.14/lib/python3.14/site-packages/sqlalchemy/orm/session.py", line 2351, in execute
    return self._execute_internal(
    
  File "/Library/Frameworks/Python.framework/Versions/3.14/lib/python3.14/site-packages/sqlalchemy/orm/session.py", line 2249, in _execute_internal
    result: Result[Any] = compile_state_cls.orm_execute_statement(
    
  File "/Library/Frameworks/Python.framework/Versions/3.14/lib/python3.14/site-packages/sqlalchemy/orm/context.py", line 306, in orm_execute_statement
    result = conn.execute(
    
  File "/Library/Frameworks/Python.framework/Versions/3.14/lib/python3.14/site-packages/sqlalchemy/engine/base.py", line 1419, in execute
    return meth(
    
  File "/Library/Frameworks/Python.framework/Versions/3.14/lib/python3.14/site-packages/sqlalchemy/sql/elements.py", line 527, in _execute_on_connection
    return connection._execute_clauseelement(
    
  File "/Library/Frameworks/Python.framework/Versions/3.14/lib/python3.14/site-packages/sqlalchemy/engine/base.py", line 1641, in _execute_clauseelement
    ret = self._execute_context(
    
  File "/Library/Frameworks/Python.framework/Versions/3.14/lib/python3.14/site-packages/sqlalchemy/engine/base.py", line 1846, in _execute_context
    return self._exec_single_context(
    
  File "/Library/Frameworks/Python.framework/Versions/3.14/lib/python3.14/site-packages/sqlalchemy/engine/base.py", line 1986, in _exec_single_context
    self._handle_dbapi_exception(
    ^
  File "/Library/Frameworks/Python.framework/Versions/3.14/lib/python3.14/site-packages/sqlalchemy/engine/base.py", line 2363, in _handle_dbapi_exception
    raise sqlalchemy_exception.with_traceback(exc_info[2]) from e
  File "/Library/Frameworks/Python.framework/Versions/3.14/lib/python3.14/site-packages/sqlalchemy/engine/base.py", line 1967, in _exec_single_context
    self.dialect.do_execute(
    ^
  File "/Library/Frameworks/Python.framework/Versions/3.14/lib/python3.14/site-packages/sqlalchemy/engine/default.py", line 952, in do_execute
    cursor.execute(statement, parameters)
    ~~~~~~~~~~~~~~^^^^^^^^^^^^^^^^^^^^^^^
sqlalchemy.exc.OperationalError: (sqlite3.OperationalError) no such column: cart_item.quantity
[SQL: SELECT cart_item.id AS cart_item_id, cart_item.product_id AS cart_item_product_id, cart_item.quantity AS cart_item_quantity, cart_item.added_at AS cart_item_added_at 
FROM cart_item 
WHERE cart_item.product_id = ?
 LIMIT ? OFFSET ?]
[parameters: (2, 1, 0)]
(Background on this error at: https://sqlalche.me/e/20/e3q8)
127.0.0.1 - - [22/Apr/2026 23:04:34] "[35m[1mPOST /api/cart HTTP/1.1[0m" 500 -
Traceback (most recent call last):
  File "/Library/Frameworks/Python.framework/Versions/3.14/lib/python3.14/site-packages/sqlalchemy/engine/base.py", line 1967, in _exec_single_context
    self.dialect.do_execute(
    ^
  File "/Library/Frameworks/Python.framework/Versions/3.14/lib/python3.14/site-packages/sqlalchemy/engine/default.py", line 952, in do_execute
    cursor.execute(statement, parameters)
    ~~~~~~~~~~~~~~^^^^^^^^^^^^^^^^^^^^^^^
sqlite3.OperationalError: no such column: cart_item.quantity

The above exception was the direct cause of the following exception:

Traceback (most recent call last):
  File "/Library/Frameworks/Python.framework/Versions/3.14/lib/python3.14/site-packages/flask/app.py", line 1536, in __call__
    return self.wsgi_app(environ, start_response)
           ~~~~~~~~~~~~~^^^^^^^^^^^^^^^^^^^^^^^^^
  File "/Library/Frameworks/Python.framework/Versions/3.14/lib/python3.14/site-packages/flask/app.py", line 1514, in wsgi_app
    response = self.handle_exception(e)
  File "/Library/Frameworks/Python.framework/Versions/3.14/lib/python3.14/site-packages/flask_cors/extension.py", line 176, in wrapped_function
    return cors_after_request(app.make_response(f(*args, **kwargs)))
                                                ~^^^^^^^^^^^^^^^^^
  File "/Library/Frameworks/Python.framework/Versions/3.14/lib/python3.14/site-packages/flask/app.py", line 1511, in wsgi_app
    response = self.full_dispatch_request()
  File "/Library/Frameworks/Python.framework/Versions/3.14/lib/python3.14/site-packages/flask/app.py", line 919, in full_dispatch_request
    rv = self.handle_user_exception(e)
  File "/Library/Frameworks/Python.framework/Versions/3.14/lib/python3.14/site-packages/flask_cors/extension.py", line 176, in wrapped_function
    return cors_after_request(app.make_response(f(*args, **kwargs)))
                                                ~^^^^^^^^^^^^^^^^^
  File "/Library/Frameworks/Python.framework/Versions/3.14/lib/python3.14/site-packages/flask/app.py", line 917, in full_dispatch_request
    rv = self.dispatch_request()
  File "/Library/Frameworks/Python.framework/Versions/3.14/lib/python3.14/site-packages/flask/app.py", line 902, in dispatch_request
    return self.ensure_sync(self.view_functions[rule.endpoint])(**view_args)  # type: ignore[no-any-return]
           ~~~~~~~~~~~~~~~~~~~~~~~~~~~~~~~~~~~~~~~~~~~~~~~~~~~~^^^^^^^^^^^^^
  File "/Users/macbook/.gemini/antigravity/scratch/PETWEB.FINDER/backend/app.py", line 94, in add_to_cart
    existing = CartItem.query.filter_by(product_id=product_id).first()
  File "/Library/Frameworks/Python.framework/Versions/3.14/lib/python3.14/site-packages/sqlalchemy/orm/query.py", line 2759, in first
    return self.limit(1)._iter().first()  # type: ignore
           ~~~~~~~~~~~~~~~~~~~^^
  File "/Library/Frameworks/Python.framework/Versions/3.14/lib/python3.14/site-packages/sqlalchemy/orm/query.py", line 2857, in _iter
    result: Union[ScalarResult[_T], Result[_T]] = self.session.execute(
    
  File "/Library/Frameworks/Python.framework/Versions/3.14/lib/python3.14/site-packages/sqlalchemy/orm/session.py", line 2351, in execute
    return self._execute_internal(
    
  File "/Library/Frameworks/Python.framework/Versions/3.14/lib/python3.14/site-packages/sqlalchemy/orm/session.py", line 2249, in _execute_internal
    result: Result[Any] = compile_state_cls.orm_execute_statement(
    
  File "/Library/Frameworks/Python.framework/Versions/3.14/lib/python3.14/site-packages/sqlalchemy/orm/context.py", line 306, in orm_execute_statement
    result = conn.execute(
    
  File "/Library/Frameworks/Python.framework/Versions/3.14/lib/python3.14/site-packages/sqlalchemy/engine/base.py", line 1419, in execute
    return meth(
    
  File "/Library/Frameworks/Python.framework/Versions/3.14/lib/python3.14/site-packages/sqlalchemy/sql/elements.py", line 527, in _execute_on_connection
    return connection._execute_clauseelement(
    
  File "/Library/Frameworks/Python.framework/Versions/3.14/lib/python3.14/site-packages/sqlalchemy/engine/base.py", line 1641, in _execute_clauseelement
    ret = self._execute_context(
    
  File "/Library/Frameworks/Python.framework/Versions/3.14/lib/python3.14/site-packages/sqlalchemy/engine/base.py", line 1846, in _execute_context
    return self._exec_single_context(
    
  File "/Library/Frameworks/Python.framework/Versions/3.14/lib/python3.14/site-packages/sqlalchemy/engine/base.py", line 1986, in _exec_single_context
    self._handle_dbapi_exception(
    ^
  File "/Library/Frameworks/Python.framework/Versions/3.14/lib/python3.14/site-packages/sqlalchemy/engine/base.py", line 2363, in _handle_dbapi_exception
    raise sqlalchemy_exception.with_traceback(exc_info[2]) from e
  File "/Library/Frameworks/Python.framework/Versions/3.14/lib/python3.14/site-packages/sqlalchemy/engine/base.py", line 1967, in _exec_single_context
    self.dialect.do_execute(
    ^
  File "/Library/Frameworks/Python.framework/Versions/3.14/lib/python3.14/site-packages/sqlalchemy/engine/default.py", line 952, in do_execute
    cursor.execute(statement, parameters)
    ~~~~~~~~~~~~~~^^^^^^^^^^^^^^^^^^^^^^^
sqlalchemy.exc.OperationalError: (sqlite3.OperationalError) no such column: cart_item.quantity
[SQL: SELECT cart_item.id AS cart_item_id, cart_item.product_id AS cart_item_product_id, cart_item.quantity AS cart_item_quantity, cart_item.added_at AS cart_item_added_at 
FROM cart_item 
WHERE cart_item.product_id = ?
 LIMIT ? OFFSET ?]
[parameters: (2, 1, 0)]
(Background on this error at: https://sqlalche.me/e/20/e3q8)
127.0.0.1 - - [22/Apr/2026 23:04:38] "OPTIONS /api/cart HTTP/1.1" 200 -
127.0.0.1 - - [22/Apr/2026 23:04:38] "[35m[1mPOST /api/cart HTTP/1.1[0m" 500 -
Traceback (most recent call last):
  File "/Library/Frameworks/Python.framework/Versions/3.14/lib/python3.14/site-packages/sqlalchemy/engine/base.py", line 1967, in _exec_single_context
    self.dialect.do_execute(
    ^
  File "/Library/Frameworks/Python.framework/Versions/3.14/lib/python3.14/site-packages/sqlalchemy/engine/default.py", line 952, in do_execute
    cursor.execute(statement, parameters)
    ~~~~~~~~~~~~~~^^^^^^^^^^^^^^^^^^^^^^^
sqlite3.OperationalError: no such column: cart_item.quantity

The above exception was the direct cause of the following exception:

Traceback (most recent call last):
  File "/Library/Frameworks/Python.framework/Versions/3.14/lib/python3.14/site-packages/flask/app.py", line 1536, in __call__
    return self.wsgi_app(environ, start_response)
           ~~~~~~~~~~~~~^^^^^^^^^^^^^^^^^^^^^^^^^
  File "/Library/Frameworks/Python.framework/Versions/3.14/lib/python3.14/site-packages/flask/app.py", line 1514, in wsgi_app
    response = self.handle_exception(e)
  File "/Library/Frameworks/Python.framework/Versions/3.14/lib/python3.14/site-packages/flask_cors/extension.py", line 176, in wrapped_function
    return cors_after_request(app.make_response(f(*args, **kwargs)))
                                                ~^^^^^^^^^^^^^^^^^
  File "/Library/Frameworks/Python.framework/Versions/3.14/lib/python3.14/site-packages/flask/app.py", line 1511, in wsgi_app
    response = self.full_dispatch_request()
  File "/Library/Frameworks/Python.framework/Versions/3.14/lib/python3.14/site-packages/flask/app.py", line 919, in full_dispatch_request
    rv = self.handle_user_exception(e)
  File "/Library/Frameworks/Python.framework/Versions/3.14/lib/python3.14/site-packages/flask_cors/extension.py", line 176, in wrapped_function
    return cors_after_request(app.make_response(f(*args, **kwargs)))
                                                ~^^^^^^^^^^^^^^^^^
  File "/Library/Frameworks/Python.framework/Versions/3.14/lib/python3.14/site-packages/flask/app.py", line 917, in full_dispatch_request
    rv = self.dispatch_request()
  File "/Library/Frameworks/Python.framework/Versions/3.14/lib/python3.14/site-packages/flask/app.py", line 902, in dispatch_request
    return self.ensure_sync(self.view_functions[rule.endpoint])(**view_args)  # type: ignore[no-any-return]
           ~~~~~~~~~~~~~~~~~~~~~~~~~~~~~~~~~~~~~~~~~~~~~~~~~~~~^^^^^^^^^^^^^
  File "/Users/macbook/.gemini/antigravity/scratch/PETWEB.FINDER/backend/app.py", line 94, in add_to_cart
    existing = CartItem.query.filter_by(product_id=product_id).first()
  File "/Library/Frameworks/Python.framework/Versions/3.14/lib/python3.14/site-packages/sqlalchemy/orm/query.py", line 2759, in first
    return self.limit(1)._iter().first()  # type: ignore
           ~~~~~~~~~~~~~~~~~~~^^
  File "/Library/Frameworks/Python.framework/Versions/3.14/lib/python3.14/site-packages/sqlalchemy/orm/query.py", line 2857, in _iter
    result: Union[ScalarResult[_T], Result[_T]] = self.session.execute(
    
  File "/Library/Frameworks/Python.framework/Versions/3.14/lib/python3.14/site-packages/sqlalchemy/orm/session.py", line 2351, in execute
    return self._execute_internal(
    
  File "/Library/Frameworks/Python.framework/Versions/3.14/lib/python3.14/site-packages/sqlalchemy/orm/session.py", line 2249, in _execute_internal
    result: Result[Any] = compile_state_cls.orm_execute_statement(
    
  File "/Library/Frameworks/Python.framework/Versions/3.14/lib/python3.14/site-packages/sqlalchemy/orm/context.py", line 306, in orm_execute_statement
    result = conn.execute(
    
  File "/Library/Frameworks/Python.framework/Versions/3.14/lib/python3.14/site-packages/sqlalchemy/engine/base.py", line 1419, in execute
    return meth(
    
  File "/Library/Frameworks/Python.framework/Versions/3.14/lib/python3.14/site-packages/sqlalchemy/sql/elements.py", line 527, in _execute_on_connection
    return connection._execute_clauseelement(
    
  File "/Library/Frameworks/Python.framework/Versions/3.14/lib/python3.14/site-packages/sqlalchemy/engine/base.py", line 1641, in _execute_clauseelement
    ret = self._execute_context(
    
  File "/Library/Frameworks/Python.framework/Versions/3.14/lib/python3.14/site-packages/sqlalchemy/engine/base.py", line 1846, in _execute_context
    return self._exec_single_context(
    
  File "/Library/Frameworks/Python.framework/Versions/3.14/lib/python3.14/site-packages/sqlalchemy/engine/base.py", line 1986, in _exec_single_context
    self._handle_dbapi_exception(
    ^
  File "/Library/Frameworks/Python.framework/Versions/3.14/lib/python3.14/site-packages/sqlalchemy/engine/base.py", line 2363, in _handle_dbapi_exception
    raise sqlalchemy_exception.with_traceback(exc_info[2]) from e
  File "/Library/Frameworks/Python.framework/Versions/3.14/lib/python3.14/site-packages/sqlalchemy/engine/base.py", line 1967, in _exec_single_context
    self.dialect.do_execute(
    ^
  File "/Library/Frameworks/Python.framework/Versions/3.14/lib/python3.14/site-packages/sqlalchemy/engine/default.py", line 952, in do_execute
    cursor.execute(statement, parameters)
    ~~~~~~~~~~~~~~^^^^^^^^^^^^^^^^^^^^^^^
sqlalchemy.exc.OperationalError: (sqlite3.OperationalError) no such column: cart_item.quantity
[SQL: SELECT cart_item.id AS cart_item_id, cart_item.product_id AS cart_item_product_id, cart_item.quantity AS cart_item_quantity, cart_item.added_at AS cart_item_added_at 
FROM cart_item 
WHERE cart_item.product_id = ?
 LIMIT ? OFFSET ?]
[parameters: (2, 1, 0)]
(Background on this error at: https://sqlalche.me/e/20/e3q8)
127.0.0.1 - - [22/Apr/2026 23:04:38] "[35m[1mPOST /api/cart HTTP/1.1[0m" 500 -
Traceback (most recent call last):
  File "/Library/Frameworks/Python.framework/Versions/3.14/lib/python3.14/site-packages/sqlalchemy/engine/base.py", line 1967, in _exec_single_context
    self.dialect.do_execute(
    ^
  File "/Library/Frameworks/Python.framework/Versions/3.14/lib/python3.14/site-packages/sqlalchemy/engine/default.py", line 952, in do_execute
    cursor.execute(statement, parameters)
    ~~~~~~~~~~~~~~^^^^^^^^^^^^^^^^^^^^^^^
sqlite3.OperationalError: no such column: cart_item.quantity

The above exception was the direct cause of the following exception:

Traceback (most recent call last):
  File "/Library/Frameworks/Python.framework/Versions/3.14/lib/python3.14/site-packages/flask/app.py", line 1536, in __call__
    return self.wsgi_app(environ, start_response)
           ~~~~~~~~~~~~~^^^^^^^^^^^^^^^^^^^^^^^^^
  File "/Library/Frameworks/Python.framework/Versions/3.14/lib/python3.14/site-packages/flask/app.py", line 1514, in wsgi_app
    response = self.handle_exception(e)
  File "/Library/Frameworks/Python.framework/Versions/3.14/lib/python3.14/site-packages/flask_cors/extension.py", line 176, in wrapped_function
    return cors_after_request(app.make_response(f(*args, **kwargs)))
                                                ~^^^^^^^^^^^^^^^^^
  File "/Library/Frameworks/Python.framework/Versions/3.14/lib/python3.14/site-packages/flask/app.py", line 1511, in wsgi_app
    response = self.full_dispatch_request()
  File "/Library/Frameworks/Python.framework/Versions/3.14/lib/python3.14/site-packages/flask/app.py", line 919, in full_dispatch_request
    rv = self.handle_user_exception(e)
  File "/Library/Frameworks/Python.framework/Versions/3.14/lib/python3.14/site-packages/flask_cors/extension.py", line 176, in wrapped_function
    return cors_after_request(app.make_response(f(*args, **kwargs)))
                                                ~^^^^^^^^^^^^^^^^^
  File "/Library/Frameworks/Python.framework/Versions/3.14/lib/python3.14/site-packages/flask/app.py", line 917, in full_dispatch_request
    rv = self.dispatch_request()
  File "/Library/Frameworks/Python.framework/Versions/3.14/lib/python3.14/site-packages/flask/app.py", line 902, in dispatch_request
    return self.ensure_sync(self.view_functions[rule.endpoint])(**view_args)  # type: ignore[no-any-return]
           ~~~~~~~~~~~~~~~~~~~~~~~~~~~~~~~~~~~~~~~~~~~~~~~~~~~~^^^^^^^^^^^^^
  File "/Users/macbook/.gemini/antigravity/scratch/PETWEB.FINDER/backend/app.py", line 94, in add_to_cart
    existing = CartItem.query.filter_by(product_id=product_id).first()
  File "/Library/Frameworks/Python.framework/Versions/3.14/lib/python3.14/site-packages/sqlalchemy/orm/query.py", line 2759, in first
    return self.limit(1)._iter().first()  # type: ignore
           ~~~~~~~~~~~~~~~~~~~^^
  File "/Library/Frameworks/Python.framework/Versions/3.14/lib/python3.14/site-packages/sqlalchemy/orm/query.py", line 2857, in _iter
    result: Union[ScalarResult[_T], Result[_T]] = self.session.execute(
    
  File "/Library/Frameworks/Python.framework/Versions/3.14/lib/python3.14/site-packages/sqlalchemy/orm/session.py", line 2351, in execute
    return self._execute_internal(
    
  File "/Library/Frameworks/Python.framework/Versions/3.14/lib/python3.14/site-packages/sqlalchemy/orm/session.py", line 2249, in _execute_internal
    result: Result[Any] = compile_state_cls.orm_execute_statement(
    
  File "/Library/Frameworks/Python.framework/Versions/3.14/lib/python3.14/site-packages/sqlalchemy/orm/context.py", line 306, in orm_execute_statement
    result = conn.execute(
    
  File "/Library/Frameworks/Python.framework/Versions/3.14/lib/python3.14/site-packages/sqlalchemy/engine/base.py", line 1419, in execute
    return meth(
    
  File "/Library/Frameworks/Python.framework/Versions/3.14/lib/python3.14/site-packages/sqlalchemy/sql/elements.py", line 527, in _execute_on_connection
    return connection._execute_clauseelement(
    
  File "/Library/Frameworks/Python.framework/Versions/3.14/lib/python3.14/site-packages/sqlalchemy/engine/base.py", line 1641, in _execute_clauseelement
    ret = self._execute_context(
    
  File "/Library/Frameworks/Python.framework/Versions/3.14/lib/python3.14/site-packages/sqlalchemy/engine/base.py", line 1846, in _execute_context
    return self._exec_single_context(
    
  File "/Library/Frameworks/Python.framework/Versions/3.14/lib/python3.14/site-packages/sqlalchemy/engine/base.py", line 1986, in _exec_single_context
    self._handle_dbapi_exception(
    ^
  File "/Library/Frameworks/Python.framework/Versions/3.14/lib/python3.14/site-packages/sqlalchemy/engine/base.py", line 2363, in _handle_dbapi_exception
    raise sqlalchemy_exception.with_traceback(exc_info[2]) from e
  File "/Library/Frameworks/Python.framework/Versions/3.14/lib/python3.14/site-packages/sqlalchemy/engine/base.py", line 1967, in _exec_single_context
    self.dialect.do_execute(
    ^
  File "/Library/Frameworks/Python.framework/Versions/3.14/lib/python3.14/site-packages/sqlalchemy/engine/default.py", line 952, in do_execute
    cursor.execute(statement, parameters)
    ~~~~~~~~~~~~~~^^^^^^^^^^^^^^^^^^^^^^^
sqlalchemy.exc.OperationalError: (sqlite3.OperationalError) no such column: cart_item.quantity
[SQL: SELECT cart_item.id AS cart_item_id, cart_item.product_id AS cart_item_product_id, cart_item.quantity AS cart_item_quantity, cart_item.added_at AS cart_item_added_at 
FROM cart_item 
WHERE cart_item.product_id = ?
 LIMIT ? OFFSET ?]
[parameters: (2, 1, 0)]
(Background on this error at: https://sqlalche.me/e/20/e3q8)
127.0.0.1 - - [22/Apr/2026 23:04:39] "[35m[1mPOST /api/cart HTTP/1.1[0m" 500 -
Traceback (most recent call last):
  File "/Library/Frameworks/Python.framework/Versions/3.14/lib/python3.14/site-packages/sqlalchemy/engine/base.py", line 1967, in _exec_single_context
    self.dialect.do_execute(
    ^
  File "/Library/Frameworks/Python.framework/Versions/3.14/lib/python3.14/site-packages/sqlalchemy/engine/default.py", line 952, in do_execute
    cursor.execute(statement, parameters)
    ~~~~~~~~~~~~~~^^^^^^^^^^^^^^^^^^^^^^^
sqlite3.OperationalError: no such column: cart_item.quantity

The above exception was the direct cause of the following exception:

Traceback (most recent call last):
  File "/Library/Frameworks/Python.framework/Versions/3.14/lib/python3.14/site-packages/flask/app.py", line 1536, in __call__
    return self.wsgi_app(environ, start_response)
           ~~~~~~~~~~~~~^^^^^^^^^^^^^^^^^^^^^^^^^
  File "/Library/Frameworks/Python.framework/Versions/3.14/lib/python3.14/site-packages/flask/app.py", line 1514, in wsgi_app
    response = self.handle_exception(e)
  File "/Library/Frameworks/Python.framework/Versions/3.14/lib/python3.14/site-packages/flask_cors/extension.py", line 176, in wrapped_function
    return cors_after_request(app.make_response(f(*args, **kwargs)))
                                                ~^^^^^^^^^^^^^^^^^
  File "/Library/Frameworks/Python.framework/Versions/3.14/lib/python3.14/site-packages/flask/app.py", line 1511, in wsgi_app
    response = self.full_dispatch_request()
  File "/Library/Frameworks/Python.framework/Versions/3.14/lib/python3.14/site-packages/flask/app.py", line 919, in full_dispatch_request
    rv = self.handle_user_exception(e)
  File "/Library/Frameworks/Python.framework/Versions/3.14/lib/python3.14/site-packages/flask_cors/extension.py", line 176, in wrapped_function
    return cors_after_request(app.make_response(f(*args, **kwargs)))
                                                ~^^^^^^^^^^^^^^^^^
  File "/Library/Frameworks/Python.framework/Versions/3.14/lib/python3.14/site-packages/flask/app.py", line 917, in full_dispatch_request
    rv = self.dispatch_request()
  File "/Library/Frameworks/Python.framework/Versions/3.14/lib/python3.14/site-packages/flask/app.py", line 902, in dispatch_request
    return self.ensure_sync(self.view_functions[rule.endpoint])(**view_args)  # type: ignore[no-any-return]
           ~~~~~~~~~~~~~~~~~~~~~~~~~~~~~~~~~~~~~~~~~~~~~~~~~~~~^^^^^^^^^^^^^
  File "/Users/macbook/.gemini/antigravity/scratch/PETWEB.FINDER/backend/app.py", line 94, in add_to_cart
    existing = CartItem.query.filter_by(product_id=product_id).first()
  File "/Library/Frameworks/Python.framework/Versions/3.14/lib/python3.14/site-packages/sqlalchemy/orm/query.py", line 2759, in first
    return self.limit(1)._iter().first()  # type: ignore
           ~~~~~~~~~~~~~~~~~~~^^
  File "/Library/Frameworks/Python.framework/Versions/3.14/lib/python3.14/site-packages/sqlalchemy/orm/query.py", line 2857, in _iter
    result: Union[ScalarResult[_T], Result[_T]] = self.session.execute(
    
  File "/Library/Frameworks/Python.framework/Versions/3.14/lib/python3.14/site-packages/sqlalchemy/orm/session.py", line 2351, in execute
    return self._execute_internal(
    
  File "/Library/Frameworks/Python.framework/Versions/3.14/lib/python3.14/site-packages/sqlalchemy/orm/session.py", line 2249, in _execute_internal
    result: Result[Any] = compile_state_cls.orm_execute_statement(
    
  File "/Library/Frameworks/Python.framework/Versions/3.14/lib/python3.14/site-packages/sqlalchemy/orm/context.py", line 306, in orm_execute_statement
    result = conn.execute(
    
  File "/Library/Frameworks/Python.framework/Versions/3.14/lib/python3.14/site-packages/sqlalchemy/engine/base.py", line 1419, in execute
    return meth(
    
  File "/Library/Frameworks/Python.framework/Versions/3.14/lib/python3.14/site-packages/sqlalchemy/sql/elements.py", line 527, in _execute_on_connection
    return connection._execute_clauseelement(
    
  File "/Library/Frameworks/Python.framework/Versions/3.14/lib/python3.14/site-packages/sqlalchemy/engine/base.py", line 1641, in _execute_clauseelement
    ret = self._execute_context(
    
  File "/Library/Frameworks/Python.framework/Versions/3.14/lib/python3.14/site-packages/sqlalchemy/engine/base.py", line 1846, in _execute_context
    return self._exec_single_context(
    
  File "/Library/Frameworks/Python.framework/Versions/3.14/lib/python3.14/site-packages/sqlalchemy/engine/base.py", line 1986, in _exec_single_context
    self._handle_dbapi_exception(
    ^
  File "/Library/Frameworks/Python.framework/Versions/3.14/lib/python3.14/site-packages/sqlalchemy/engine/base.py", line 2363, in _handle_dbapi_exception
    raise sqlalchemy_exception.with_traceback(exc_info[2]) from e
  File "/Library/Frameworks/Python.framework/Versions/3.14/lib/python3.14/site-packages/sqlalchemy/engine/base.py", line 1967, in _exec_single_context
    self.dialect.do_execute(
    ^
  File "/Library/Frameworks/Python.framework/Versions/3.14/lib/python3.14/site-packages/sqlalchemy/engine/default.py", line 952, in do_execute
    cursor.execute(statement, parameters)
    ~~~~~~~~~~~~~~^^^^^^^^^^^^^^^^^^^^^^^
sqlalchemy.exc.OperationalError: (sqlite3.OperationalError) no such column: cart_item.quantity
[SQL: SELECT cart_item.id AS cart_item_id, cart_item.product_id AS cart_item_product_id, cart_item.quantity AS cart_item_quantity, cart_item.added_at AS cart_item_added_at 
FROM cart_item 
WHERE cart_item.product_id = ?
 LIMIT ? OFFSET ?]
[parameters: (2, 1, 0)]
(Background on this error at: https://sqlalche.me/e/20/e3q8)
127.0.0.1 - - [22/Apr/2026 23:04:39] "[35m[1mPOST /api/cart HTTP/1.1[0m" 500 -
Traceback (most recent call last):
  File "/Library/Frameworks/Python.framework/Versions/3.14/lib/python3.14/site-packages/sqlalchemy/engine/base.py", line 1967, in _exec_single_context
    self.dialect.do_execute(
    ^
  File "/Library/Frameworks/Python.framework/Versions/3.14/lib/python3.14/site-packages/sqlalchemy/engine/default.py", line 952, in do_execute
    cursor.execute(statement, parameters)
    ~~~~~~~~~~~~~~^^^^^^^^^^^^^^^^^^^^^^^
sqlite3.OperationalError: no such column: cart_item.quantity

The above exception was the direct cause of the following exception:

Traceback (most recent call last):
  File "/Library/Frameworks/Python.framework/Versions/3.14/lib/python3.14/site-packages/flask/app.py", line 1536, in __call__
    return self.wsgi_app(environ, start_response)
           ~~~~~~~~~~~~~^^^^^^^^^^^^^^^^^^^^^^^^^
  File "/Library/Frameworks/Python.framework/Versions/3.14/lib/python3.14/site-packages/flask/app.py", line 1514, in wsgi_app
    response = self.handle_exception(e)
  File "/Library/Frameworks/Python.framework/Versions/3.14/lib/python3.14/site-packages/flask_cors/extension.py", line 176, in wrapped_function
    return cors_after_request(app.make_response(f(*args, **kwargs)))
                                                ~^^^^^^^^^^^^^^^^^
  File "/Library/Frameworks/Python.framework/Versions/3.14/lib/python3.14/site-packages/flask/app.py", line 1511, in wsgi_app
    response = self.full_dispatch_request()
  File "/Library/Frameworks/Python.framework/Versions/3.14/lib/python3.14/site-packages/flask/app.py", line 919, in full_dispatch_request
    rv = self.handle_user_exception(e)
  File "/Library/Frameworks/Python.framework/Versions/3.14/lib/python3.14/site-packages/flask_cors/extension.py", line 176, in wrapped_function
    return cors_after_request(app.make_response(f(*args, **kwargs)))
                                                ~^^^^^^^^^^^^^^^^^
  File "/Library/Frameworks/Python.framework/Versions/3.14/lib/python3.14/site-packages/flask/app.py", line 917, in full_dispatch_request
    rv = self.dispatch_request()
  File "/Library/Frameworks/Python.framework/Versions/3.14/lib/python3.14/site-packages/flask/app.py", line 902, in dispatch_request
    return self.ensure_sync(self.view_functions[rule.endpoint])(**view_args)  # type: ignore[no-any-return]
           ~~~~~~~~~~~~~~~~~~~~~~~~~~~~~~~~~~~~~~~~~~~~~~~~~~~~^^^^^^^^^^^^^
  File "/Users/macbook/.gemini/antigravity/scratch/PETWEB.FINDER/backend/app.py", line 94, in add_to_cart
    existing = CartItem.query.filter_by(product_id=product_id).first()
  File "/Library/Frameworks/Python.framework/Versions/3.14/lib/python3.14/site-packages/sqlalchemy/orm/query.py", line 2759, in first
    return self.limit(1)._iter().first()  # type: ignore
           ~~~~~~~~~~~~~~~~~~~^^
  File "/Library/Frameworks/Python.framework/Versions/3.14/lib/python3.14/site-packages/sqlalchemy/orm/query.py", line 2857, in _iter
    result: Union[ScalarResult[_T], Result[_T]] = self.session.execute(
    
  File "/Library/Frameworks/Python.framework/Versions/3.14/lib/python3.14/site-packages/sqlalchemy/orm/session.py", line 2351, in execute
    return self._execute_internal(
    
  File "/Library/Frameworks/Python.framework/Versions/3.14/lib/python3.14/site-packages/sqlalchemy/orm/session.py", line 2249, in _execute_internal
    result: Result[Any] = compile_state_cls.orm_execute_statement(
    
  File "/Library/Frameworks/Python.framework/Versions/3.14/lib/python3.14/site-packages/sqlalchemy/orm/context.py", line 306, in orm_execute_statement
    result = conn.execute(
    
  File "/Library/Frameworks/Python.framework/Versions/3.14/lib/python3.14/site-packages/sqlalchemy/engine/base.py", line 1419, in execute
    return meth(
    
  File "/Library/Frameworks/Python.framework/Versions/3.14/lib/python3.14/site-packages/sqlalchemy/sql/elements.py", line 527, in _execute_on_connection
    return connection._execute_clauseelement(
    
  File "/Library/Frameworks/Python.framework/Versions/3.14/lib/python3.14/site-packages/sqlalchemy/engine/base.py", line 1641, in _execute_clauseelement
    ret = self._execute_context(
    
  File "/Library/Frameworks/Python.framework/Versions/3.14/lib/python3.14/site-packages/sqlalchemy/engine/base.py", line 1846, in _execute_context
    return self._exec_single_context(
    
  File "/Library/Frameworks/Python.framework/Versions/3.14/lib/python3.14/site-packages/sqlalchemy/engine/base.py", line 1986, in _exec_single_context
    self._handle_dbapi_exception(
    ^
  File "/Library/Frameworks/Python.framework/Versions/3.14/lib/python3.14/site-packages/sqlalchemy/engine/base.py", line 2363, in _handle_dbapi_exception
    raise sqlalchemy_exception.with_traceback(exc_info[2]) from e
  File "/Library/Frameworks/Python.framework/Versions/3.14/lib/python3.14/site-packages/sqlalchemy/engine/base.py", line 1967, in _exec_single_context
    self.dialect.do_execute(
    ^
  File "/Library/Frameworks/Python.framework/Versions/3.14/lib/python3.14/site-packages/sqlalchemy/engine/default.py", line 952, in do_execute
    cursor.execute(statement, parameters)
    ~~~~~~~~~~~~~~^^^^^^^^^^^^^^^^^^^^^^^
sqlalchemy.exc.OperationalError: (sqlite3.OperationalError) no such column: cart_item.quantity
[SQL: SELECT cart_item.id AS cart_item_id, cart_item.product_id AS cart_item_product_id, cart_item.quantity AS cart_item_quantity, cart_item.added_at AS cart_item_added_at 
FROM cart_item 
WHERE cart_item.product_id = ?
 LIMIT ? OFFSET ?]
[parameters: (2, 1, 0)]
(Background on this error at: https://sqlalche.me/e/20/e3q8)
127.0.0.1 - - [22/Apr/2026 23:04:39] "[35m[1mPOST /api/cart HTTP/1.1[0m" 500 -
Traceback (most recent call last):
  File "/Library/Frameworks/Python.framework/Versions/3.14/lib/python3.14/site-packages/sqlalchemy/engine/base.py", line 1967, in _exec_single_context
    self.dialect.do_execute(
    ^
  File "/Library/Frameworks/Python.framework/Versions/3.14/lib/python3.14/site-packages/sqlalchemy/engine/default.py", line 952, in do_execute
    cursor.execute(statement, parameters)
    ~~~~~~~~~~~~~~^^^^^^^^^^^^^^^^^^^^^^^
sqlite3.OperationalError: no such column: cart_item.quantity

The above exception was the direct cause of the following exception:

Traceback (most recent call last):
  File "/Library/Frameworks/Python.framework/Versions/3.14/lib/python3.14/site-packages/flask/app.py", line 1536, in __call__
    return self.wsgi_app(environ, start_response)
           ~~~~~~~~~~~~~^^^^^^^^^^^^^^^^^^^^^^^^^
  File "/Library/Frameworks/Python.framework/Versions/3.14/lib/python3.14/site-packages/flask/app.py", line 1514, in wsgi_app
    response = self.handle_exception(e)
  File "/Library/Frameworks/Python.framework/Versions/3.14/lib/python3.14/site-packages/flask_cors/extension.py", line 176, in wrapped_function
    return cors_after_request(app.make_response(f(*args, **kwargs)))
                                                ~^^^^^^^^^^^^^^^^^
  File "/Library/Frameworks/Python.framework/Versions/3.14/lib/python3.14/site-packages/flask/app.py", line 1511, in wsgi_app
    response = self.full_dispatch_request()
  File "/Library/Frameworks/Python.framework/Versions/3.14/lib/python3.14/site-packages/flask/app.py", line 919, in full_dispatch_request
    rv = self.handle_user_exception(e)
  File "/Library/Frameworks/Python.framework/Versions/3.14/lib/python3.14/site-packages/flask_cors/extension.py", line 176, in wrapped_function
    return cors_after_request(app.make_response(f(*args, **kwargs)))
                                                ~^^^^^^^^^^^^^^^^^
  File "/Library/Frameworks/Python.framework/Versions/3.14/lib/python3.14/site-packages/flask/app.py", line 917, in full_dispatch_request
    rv = self.dispatch_request()
  File "/Library/Frameworks/Python.framework/Versions/3.14/lib/python3.14/site-packages/flask/app.py", line 902, in dispatch_request
    return self.ensure_sync(self.view_functions[rule.endpoint])(**view_args)  # type: ignore[no-any-return]
           ~~~~~~~~~~~~~~~~~~~~~~~~~~~~~~~~~~~~~~~~~~~~~~~~~~~~^^^^^^^^^^^^^
  File "/Users/macbook/.gemini/antigravity/scratch/PETWEB.FINDER/backend/app.py", line 94, in add_to_cart
    existing = CartItem.query.filter_by(product_id=product_id).first()
  File "/Library/Frameworks/Python.framework/Versions/3.14/lib/python3.14/site-packages/sqlalchemy/orm/query.py", line 2759, in first
    return self.limit(1)._iter().first()  # type: ignore
           ~~~~~~~~~~~~~~~~~~~^^
  File "/Library/Frameworks/Python.framework/Versions/3.14/lib/python3.14/site-packages/sqlalchemy/orm/query.py", line 2857, in _iter
    result: Union[ScalarResult[_T], Result[_T]] = self.session.execute(
    
  File "/Library/Frameworks/Python.framework/Versions/3.14/lib/python3.14/site-packages/sqlalchemy/orm/session.py", line 2351, in execute
    return self._execute_internal(
    
  File "/Library/Frameworks/Python.framework/Versions/3.14/lib/python3.14/site-packages/sqlalchemy/orm/session.py", line 2249, in _execute_internal
    result: Result[Any] = compile_state_cls.orm_execute_statement(
    
  File "/Library/Frameworks/Python.framework/Versions/3.14/lib/python3.14/site-packages/sqlalchemy/orm/context.py", line 306, in orm_execute_statement
    result = conn.execute(
    
  File "/Library/Frameworks/Python.framework/Versions/3.14/lib/python3.14/site-packages/sqlalchemy/engine/base.py", line 1419, in execute
    return meth(
    
  File "/Library/Frameworks/Python.framework/Versions/3.14/lib/python3.14/site-packages/sqlalchemy/sql/elements.py", line 527, in _execute_on_connection
    return connection._execute_clauseelement(
    
  File "/Library/Frameworks/Python.framework/Versions/3.14/lib/python3.14/site-packages/sqlalchemy/engine/base.py", line 1641, in _execute_clauseelement
    ret = self._execute_context(
    
  File "/Library/Frameworks/Python.framework/Versions/3.14/lib/python3.14/site-packages/sqlalchemy/engine/base.py", line 1846, in _execute_context
    return self._exec_single_context(
    
  File "/Library/Frameworks/Python.framework/Versions/3.14/lib/python3.14/site-packages/sqlalchemy/engine/base.py", line 1986, in _exec_single_context
    self._handle_dbapi_exception(
    ^
  File "/Library/Frameworks/Python.framework/Versions/3.14/lib/python3.14/site-packages/sqlalchemy/engine/base.py", line 2363, in _handle_dbapi_exception
    raise sqlalchemy_exception.with_traceback(exc_info[2]) from e
  File "/Library/Frameworks/Python.framework/Versions/3.14/lib/python3.14/site-packages/sqlalchemy/engine/base.py", line 1967, in _exec_single_context
    self.dialect.do_execute(
    ^
  File "/Library/Frameworks/Python.framework/Versions/3.14/lib/python3.14/site-packages/sqlalchemy/engine/default.py", line 952, in do_execute
    cursor.execute(statement, parameters)
    ~~~~~~~~~~~~~~^^^^^^^^^^^^^^^^^^^^^^^
sqlalchemy.exc.OperationalError: (sqlite3.OperationalError) no such column: cart_item.quantity
[SQL: SELECT cart_item.id AS cart_item_id, cart_item.product_id AS cart_item_product_id, cart_item.quantity AS cart_item_quantity, cart_item.added_at AS cart_item_added_at 
FROM cart_item 
WHERE cart_item.product_id = ?
 LIMIT ? OFFSET ?]
[parameters: (2, 1, 0)]
(Background on this error at: https://sqlalche.me/e/20/e3q8)
127.0.0.1 - - [22/Apr/2026 23:04:39] "[35m[1mPOST /api/cart HTTP/1.1[0m" 500 -
Traceback (most recent call last):
  File "/Library/Frameworks/Python.framework/Versions/3.14/lib/python3.14/site-packages/sqlalchemy/engine/base.py", line 1967, in _exec_single_context
    self.dialect.do_execute(
    ^
  File "/Library/Frameworks/Python.framework/Versions/3.14/lib/python3.14/site-packages/sqlalchemy/engine/default.py", line 952, in do_execute
    cursor.execute(statement, parameters)
    ~~~~~~~~~~~~~~^^^^^^^^^^^^^^^^^^^^^^^
sqlite3.OperationalError: no such column: cart_item.quantity

The above exception was the direct cause of the following exception:

Traceback (most recent call last):
  File "/Library/Frameworks/Python.framework/Versions/3.14/lib/python3.14/site-packages/flask/app.py", line 1536, in __call__
    return self.wsgi_app(environ, start_response)
           ~~~~~~~~~~~~~^^^^^^^^^^^^^^^^^^^^^^^^^
  File "/Library/Frameworks/Python.framework/Versions/3.14/lib/python3.14/site-packages/flask/app.py", line 1514, in wsgi_app
    response = self.handle_exception(e)
  File "/Library/Frameworks/Python.framework/Versions/3.14/lib/python3.14/site-packages/flask_cors/extension.py", line 176, in wrapped_function
    return cors_after_request(app.make_response(f(*args, **kwargs)))
                                                ~^^^^^^^^^^^^^^^^^
  File "/Library/Frameworks/Python.framework/Versions/3.14/lib/python3.14/site-packages/flask/app.py", line 1511, in wsgi_app
    response = self.full_dispatch_request()
  File "/Library/Frameworks/Python.framework/Versions/3.14/lib/python3.14/site-packages/flask/app.py", line 919, in full_dispatch_request
    rv = self.handle_user_exception(e)
  File "/Library/Frameworks/Python.framework/Versions/3.14/lib/python3.14/site-packages/flask_cors/extension.py", line 176, in wrapped_function
    return cors_after_request(app.make_response(f(*args, **kwargs)))
                                                ~^^^^^^^^^^^^^^^^^
  File "/Library/Frameworks/Python.framework/Versions/3.14/lib/python3.14/site-packages/flask/app.py", line 917, in full_dispatch_request
    rv = self.dispatch_request()
  File "/Library/Frameworks/Python.framework/Versions/3.14/lib/python3.14/site-packages/flask/app.py", line 902, in dispatch_request
    return self.ensure_sync(self.view_functions[rule.endpoint])(**view_args)  # type: ignore[no-any-return]
           ~~~~~~~~~~~~~~~~~~~~~~~~~~~~~~~~~~~~~~~~~~~~~~~~~~~~^^^^^^^^^^^^^
  File "/Users/macbook/.gemini/antigravity/scratch/PETWEB.FINDER/backend/app.py", line 94, in add_to_cart
    existing = CartItem.query.filter_by(product_id=product_id).first()
  File "/Library/Frameworks/Python.framework/Versions/3.14/lib/python3.14/site-packages/sqlalchemy/orm/query.py", line 2759, in first
    return self.limit(1)._iter().first()  # type: ignore
           ~~~~~~~~~~~~~~~~~~~^^
  File "/Library/Frameworks/Python.framework/Versions/3.14/lib/python3.14/site-packages/sqlalchemy/orm/query.py", line 2857, in _iter
    result: Union[ScalarResult[_T], Result[_T]] = self.session.execute(
    
  File "/Library/Frameworks/Python.framework/Versions/3.14/lib/python3.14/site-packages/sqlalchemy/orm/session.py", line 2351, in execute
    return self._execute_internal(
    
  File "/Library/Frameworks/Python.framework/Versions/3.14/lib/python3.14/site-packages/sqlalchemy/orm/session.py", line 2249, in _execute_internal
    result: Result[Any] = compile_state_cls.orm_execute_statement(
    
  File "/Library/Frameworks/Python.framework/Versions/3.14/lib/python3.14/site-packages/sqlalchemy/orm/context.py", line 306, in orm_execute_statement
    result = conn.execute(
    
  File "/Library/Frameworks/Python.framework/Versions/3.14/lib/python3.14/site-packages/sqlalchemy/engine/base.py", line 1419, in execute
    return meth(
    
  File "/Library/Frameworks/Python.framework/Versions/3.14/lib/python3.14/site-packages/sqlalchemy/sql/elements.py", line 527, in _execute_on_connection
    return connection._execute_clauseelement(
    
  File "/Library/Frameworks/Python.framework/Versions/3.14/lib/python3.14/site-packages/sqlalchemy/engine/base.py", line 1641, in _execute_clauseelement
    ret = self._execute_context(
    
  File "/Library/Frameworks/Python.framework/Versions/3.14/lib/python3.14/site-packages/sqlalchemy/engine/base.py", line 1846, in _execute_context
    return self._exec_single_context(
    
  File "/Library/Frameworks/Python.framework/Versions/3.14/lib/python3.14/site-packages/sqlalchemy/engine/base.py", line 1986, in _exec_single_context
    self._handle_dbapi_exception(
    ^
  File "/Library/Frameworks/Python.framework/Versions/3.14/lib/python3.14/site-packages/sqlalchemy/engine/base.py", line 2363, in _handle_dbapi_exception
    raise sqlalchemy_exception.with_traceback(exc_info[2]) from e
  File "/Library/Frameworks/Python.framework/Versions/3.14/lib/python3.14/site-packages/sqlalchemy/engine/base.py", line 1967, in _exec_single_context
    self.dialect.do_execute(
    ^
  File "/Library/Frameworks/Python.framework/Versions/3.14/lib/python3.14/site-packages/sqlalchemy/engine/default.py", line 952, in do_execute
    cursor.execute(statement, parameters)
    ~~~~~~~~~~~~~~^^^^^^^^^^^^^^^^^^^^^^^
sqlalchemy.exc.OperationalError: (sqlite3.OperationalError) no such column: cart_item.quantity
[SQL: SELECT cart_item.id AS cart_item_id, cart_item.product_id AS cart_item_product_id, cart_item.quantity AS cart_item_quantity, cart_item.added_at AS cart_item_added_at 
FROM cart_item 
WHERE cart_item.product_id = ?
 LIMIT ? OFFSET ?]
[parameters: (2, 1, 0)]
(Background on this error at: https://sqlalche.me/e/20/e3q8)
127.0.0.1 - - [22/Apr/2026 23:04:39] "[35m[1mPOST /api/cart HTTP/1.1[0m" 500 -
Traceback (most recent call last):
  File "/Library/Frameworks/Python.framework/Versions/3.14/lib/python3.14/site-packages/sqlalchemy/engine/base.py", line 1967, in _exec_single_context
    self.dialect.do_execute(
    ^
  File "/Library/Frameworks/Python.framework/Versions/3.14/lib/python3.14/site-packages/sqlalchemy/engine/default.py", line 952, in do_execute
    cursor.execute(statement, parameters)
    ~~~~~~~~~~~~~~^^^^^^^^^^^^^^^^^^^^^^^
sqlite3.OperationalError: no such column: cart_item.quantity

The above exception was the direct cause of the following exception:

Traceback (most recent call last):
  File "/Library/Frameworks/Python.framework/Versions/3.14/lib/python3.14/site-packages/flask/app.py", line 1536, in __call__
    return self.wsgi_app(environ, start_response)
           ~~~~~~~~~~~~~^^^^^^^^^^^^^^^^^^^^^^^^^
  File "/Library/Frameworks/Python.framework/Versions/3.14/lib/python3.14/site-packages/flask/app.py", line 1514, in wsgi_app
    response = self.handle_exception(e)
  File "/Library/Frameworks/Python.framework/Versions/3.14/lib/python3.14/site-packages/flask_cors/extension.py", line 176, in wrapped_function
    return cors_after_request(app.make_response(f(*args, **kwargs)))
                                                ~^^^^^^^^^^^^^^^^^
  File "/Library/Frameworks/Python.framework/Versions/3.14/lib/python3.14/site-packages/flask/app.py", line 1511, in wsgi_app
    response = self.full_dispatch_request()
  File "/Library/Frameworks/Python.framework/Versions/3.14/lib/python3.14/site-packages/flask/app.py", line 919, in full_dispatch_request
    rv = self.handle_user_exception(e)
  File "/Library/Frameworks/Python.framework/Versions/3.14/lib/python3.14/site-packages/flask_cors/extension.py", line 176, in wrapped_function
    return cors_after_request(app.make_response(f(*args, **kwargs)))
                                                ~^^^^^^^^^^^^^^^^^
  File "/Library/Frameworks/Python.framework/Versions/3.14/lib/python3.14/site-packages/flask/app.py", line 917, in full_dispatch_request
    rv = self.dispatch_request()
  File "/Library/Frameworks/Python.framework/Versions/3.14/lib/python3.14/site-packages/flask/app.py", line 902, in dispatch_request
    return self.ensure_sync(self.view_functions[rule.endpoint])(**view_args)  # type: ignore[no-any-return]
           ~~~~~~~~~~~~~~~~~~~~~~~~~~~~~~~~~~~~~~~~~~~~~~~~~~~~^^^^^^^^^^^^^
  File "/Users/macbook/.gemini/antigravity/scratch/PETWEB.FINDER/backend/app.py", line 94, in add_to_cart
    existing = CartItem.query.filter_by(product_id=product_id).first()
  File "/Library/Frameworks/Python.framework/Versions/3.14/lib/python3.14/site-packages/sqlalchemy/orm/query.py", line 2759, in first
    return self.limit(1)._iter().first()  # type: ignore
           ~~~~~~~~~~~~~~~~~~~^^
  File "/Library/Frameworks/Python.framework/Versions/3.14/lib/python3.14/site-packages/sqlalchemy/orm/query.py", line 2857, in _iter
    result: Union[ScalarResult[_T], Result[_T]] = self.session.execute(
    
  File "/Library/Frameworks/Python.framework/Versions/3.14/lib/python3.14/site-packages/sqlalchemy/orm/session.py", line 2351, in execute
    return self._execute_internal(
    
  File "/Library/Frameworks/Python.framework/Versions/3.14/lib/python3.14/site-packages/sqlalchemy/orm/session.py", line 2249, in _execute_internal
    result: Result[Any] = compile_state_cls.orm_execute_statement(
    
  File "/Library/Frameworks/Python.framework/Versions/3.14/lib/python3.14/site-packages/sqlalchemy/orm/context.py", line 306, in orm_execute_statement
    result = conn.execute(
    
  File "/Library/Frameworks/Python.framework/Versions/3.14/lib/python3.14/site-packages/sqlalchemy/engine/base.py", line 1419, in execute
    return meth(
    
  File "/Library/Frameworks/Python.framework/Versions/3.14/lib/python3.14/site-packages/sqlalchemy/sql/elements.py", line 527, in _execute_on_connection
    return connection._execute_clauseelement(
    
  File "/Library/Frameworks/Python.framework/Versions/3.14/lib/python3.14/site-packages/sqlalchemy/engine/base.py", line 1641, in _execute_clauseelement
    ret = self._execute_context(
    
  File "/Library/Frameworks/Python.framework/Versions/3.14/lib/python3.14/site-packages/sqlalchemy/engine/base.py", line 1846, in _execute_context
    return self._exec_single_context(
    
  File "/Library/Frameworks/Python.framework/Versions/3.14/lib/python3.14/site-packages/sqlalchemy/engine/base.py", line 1986, in _exec_single_context
    self._handle_dbapi_exception(
    ^
  File "/Library/Frameworks/Python.framework/Versions/3.14/lib/python3.14/site-packages/sqlalchemy/engine/base.py", line 2363, in _handle_dbapi_exception
    raise sqlalchemy_exception.with_traceback(exc_info[2]) from e
  File "/Library/Frameworks/Python.framework/Versions/3.14/lib/python3.14/site-packages/sqlalchemy/engine/base.py", line 1967, in _exec_single_context
    self.dialect.do_execute(
    ^
  File "/Library/Frameworks/Python.framework/Versions/3.14/lib/python3.14/site-packages/sqlalchemy/engine/default.py", line 952, in do_execute
    cursor.execute(statement, parameters)
    ~~~~~~~~~~~~~~^^^^^^^^^^^^^^^^^^^^^^^
sqlalchemy.exc.OperationalError: (sqlite3.OperationalError) no such column: cart_item.quantity
[SQL: SELECT cart_item.id AS cart_item_id, cart_item.product_id AS cart_item_product_id, cart_item.quantity AS cart_item_quantity, cart_item.added_at AS cart_item_added_at 
FROM cart_item 
WHERE cart_item.product_id = ?
 LIMIT ? OFFSET ?]
[parameters: (2, 1, 0)]
(Background on this error at: https://sqlalche.me/e/20/e3q8)
127.0.0.1 - - [22/Apr/2026 23:05:21] "GET /api/market-pulse HTTP/1.1" 200 -
127.0.0.1 - - [22/Apr/2026 23:06:21] "GET /api/market-pulse HTTP/1.1" 200 -
127.0.0.1 - - [22/Apr/2026 23:07:21] "GET /api/market-pulse HTTP/1.1" 200 -
127.0.0.1 - - [22/Apr/2026 23:08:21] "GET /api/market-pulse HTTP/1.1" 200 -
127.0.0.1 - - [22/Apr/2026 23:08:39] "GET /api/market-pulse HTTP/1.1" 200 -
127.0.0.1 - - [22/Apr/2026 23:08:39] "GET /api/countries HTTP/1.1" 200 -
127.0.0.1 - - [22/Apr/2026 23:08:39] "[35m[1mGET /api/cart HTTP/1.1[0m" 500 -
Traceback (most recent call last):
  File "/Library/Frameworks/Python.framework/Versions/3.14/lib/python3.14/site-packages/sqlalchemy/engine/base.py", line 1967, in _exec_single_context
    self.dialect.do_execute(
    ^
  File "/Library/Frameworks/Python.framework/Versions/3.14/lib/python3.14/site-packages/sqlalchemy/engine/default.py", line 952, in do_execute
    cursor.execute(statement, parameters)
    ~~~~~~~~~~~~~~^^^^^^^^^^^^^^^^^^^^^^^
sqlite3.OperationalError: no such column: cart_item.quantity

The above exception was the direct cause of the following exception:

Traceback (most recent call last):
  File "/Library/Frameworks/Python.framework/Versions/3.14/lib/python3.14/site-packages/flask/app.py", line 1536, in __call__
    return self.wsgi_app(environ, start_response)
           ~~~~~~~~~~~~~^^^^^^^^^^^^^^^^^^^^^^^^^
  File "/Library/Frameworks/Python.framework/Versions/3.14/lib/python3.14/site-packages/flask/app.py", line 1514, in wsgi_app
    response = self.handle_exception(e)
  File "/Library/Frameworks/Python.framework/Versions/3.14/lib/python3.14/site-packages/flask_cors/extension.py", line 176, in wrapped_function
    return cors_after_request(app.make_response(f(*args, **kwargs)))
                                                ~^^^^^^^^^^^^^^^^^
  File "/Library/Frameworks/Python.framework/Versions/3.14/lib/python3.14/site-packages/flask/app.py", line 1511, in wsgi_app
    response = self.full_dispatch_request()
  File "/Library/Frameworks/Python.framework/Versions/3.14/lib/python3.14/site-packages/flask/app.py", line 919, in full_dispatch_request
    rv = self.handle_user_exception(e)
  File "/Library/Frameworks/Python.framework/Versions/3.14/lib/python3.14/site-packages/flask_cors/extension.py", line 176, in wrapped_function
    return cors_after_request(app.make_response(f(*args, **kwargs)))
                                                ~^^^^^^^^^^^^^^^^^
  File "/Library/Frameworks/Python.framework/Versions/3.14/lib/python3.14/site-packages/flask/app.py", line 917, in full_dispatch_request
    rv = self.dispatch_request()
  File "/Library/Frameworks/Python.framework/Versions/3.14/lib/python3.14/site-packages/flask/app.py", line 902, in dispatch_request
    return self.ensure_sync(self.view_functions[rule.endpoint])(**view_args)  # type: ignore[no-any-return]
           ~~~~~~~~~~~~~~~~~~~~~~~~~~~~~~~~~~~~~~~~~~~~~~~~~~~~^^^^^^^^^^^^^
  File "/Users/macbook/.gemini/antigravity/scratch/PETWEB.FINDER/backend/app.py", line 82, in get_cart
    items = CartItem.query.order_by(CartItem.added_at.desc()).all()
  File "/Library/Frameworks/Python.framework/Versions/3.14/lib/python3.14/site-packages/sqlalchemy/orm/query.py", line 2704, in all
    return self._iter().all()  # type: ignore
           ~~~~~~~~~~^^
  File "/Library/Frameworks/Python.framework/Versions/3.14/lib/python3.14/site-packages/sqlalchemy/orm/query.py", line 2857, in _iter
    result: Union[ScalarResult[_T], Result[_T]] = self.session.execute(
    
  File "/Library/Frameworks/Python.framework/Versions/3.14/lib/python3.14/site-packages/sqlalchemy/orm/session.py", line 2351, in execute
    return self._execute_internal(
    
  File "/Library/Frameworks/Python.framework/Versions/3.14/lib/python3.14/site-packages/sqlalchemy/orm/session.py", line 2249, in _execute_internal
    result: Result[Any] = compile_state_cls.orm_execute_statement(
    
  File "/Library/Frameworks/Python.framework/Versions/3.14/lib/python3.14/site-packages/sqlalchemy/orm/context.py", line 306, in orm_execute_statement
    result = conn.execute(
    
  File "/Library/Frameworks/Python.framework/Versions/3.14/lib/python3.14/site-packages/sqlalchemy/engine/base.py", line 1419, in execute
    return meth(
    
  File "/Library/Frameworks/Python.framework/Versions/3.14/lib/python3.14/site-packages/sqlalchemy/sql/elements.py", line 527, in _execute_on_connection
    return connection._execute_clauseelement(
    
  File "/Library/Frameworks/Python.framework/Versions/3.14/lib/python3.14/site-packages/sqlalchemy/engine/base.py", line 1641, in _execute_clauseelement
    ret = self._execute_context(
    
  File "/Library/Frameworks/Python.framework/Versions/3.14/lib/python3.14/site-packages/sqlalchemy/engine/base.py", line 1846, in _execute_context
    return self._exec_single_context(
    
  File "/Library/Frameworks/Python.framework/Versions/3.14/lib/python3.14/site-packages/sqlalchemy/engine/base.py", line 1986, in _exec_single_context
    self._handle_dbapi_exception(
    ^
  File "/Library/Frameworks/Python.framework/Versions/3.14/lib/python3.14/site-packages/sqlalchemy/engine/base.py", line 2363, in _handle_dbapi_exception
    raise sqlalchemy_exception.with_traceback(exc_info[2]) from e
  File "/Library/Frameworks/Python.framework/Versions/3.14/lib/python3.14/site-packages/sqlalchemy/engine/base.py", line 1967, in _exec_single_context
    self.dialect.do_execute(
    ^
  File "/Library/Frameworks/Python.framework/Versions/3.14/lib/python3.14/site-packages/sqlalchemy/engine/default.py", line 952, in do_execute
    cursor.execute(statement, parameters)
    ~~~~~~~~~~~~~~^^^^^^^^^^^^^^^^^^^^^^^
sqlalchemy.exc.OperationalError: (sqlite3.OperationalError) no such column: cart_item.quantity
[SQL: SELECT cart_item.id AS cart_item_id, cart_item.product_id AS cart_item_product_id, cart_item.quantity AS cart_item_quantity, cart_item.added_at AS cart_item_added_at 
FROM cart_item ORDER BY cart_item.added_at DESC]
(Background on this error at: https://sqlalche.me/e/20/e3q8)
127.0.0.1 - - [22/Apr/2026 23:08:40] "OPTIONS /api/search HTTP/1.1" 200 -
127.0.0.1 - - [22/Apr/2026 23:08:40] "POST /api/search HTTP/1.1" 200 -
127.0.0.1 - - [22/Apr/2026 23:08:45] "OPTIONS /api/cart HTTP/1.1" 200 -
127.0.0.1 - - [22/Apr/2026 23:08:45] "[35m[1mPOST /api/cart HTTP/1.1[0m" 500 -
Traceback (most recent call last):
  File "/Library/Frameworks/Python.framework/Versions/3.14/lib/python3.14/site-packages/sqlalchemy/engine/base.py", line 1967, in _exec_single_context
    self.dialect.do_execute(
    ^
  File "/Library/Frameworks/Python.framework/Versions/3.14/lib/python3.14/site-packages/sqlalchemy/engine/default.py", line 952, in do_execute
    cursor.execute(statement, parameters)
    ~~~~~~~~~~~~~~^^^^^^^^^^^^^^^^^^^^^^^
sqlite3.OperationalError: no such column: cart_item.quantity

The above exception was the direct cause of the following exception:

Traceback (most recent call last):
  File "/Library/Frameworks/Python.framework/Versions/3.14/lib/python3.14/site-packages/flask/app.py", line 1536, in __call__
    return self.wsgi_app(environ, start_response)
           ~~~~~~~~~~~~~^^^^^^^^^^^^^^^^^^^^^^^^^
  File "/Library/Frameworks/Python.framework/Versions/3.14/lib/python3.14/site-packages/flask/app.py", line 1514, in wsgi_app
    response = self.handle_exception(e)
  File "/Library/Frameworks/Python.framework/Versions/3.14/lib/python3.14/site-packages/flask_cors/extension.py", line 176, in wrapped_function
    return cors_after_request(app.make_response(f(*args, **kwargs)))
                                                ~^^^^^^^^^^^^^^^^^
  File "/Library/Frameworks/Python.framework/Versions/3.14/lib/python3.14/site-packages/flask/app.py", line 1511, in wsgi_app
    response = self.full_dispatch_request()
  File "/Library/Frameworks/Python.framework/Versions/3.14/lib/python3.14/site-packages/flask/app.py", line 919, in full_dispatch_request
    rv = self.handle_user_exception(e)
  File "/Library/Frameworks/Python.framework/Versions/3.14/lib/python3.14/site-packages/flask_cors/extension.py", line 176, in wrapped_function
    return cors_after_request(app.make_response(f(*args, **kwargs)))
                                                ~^^^^^^^^^^^^^^^^^
  File "/Library/Frameworks/Python.framework/Versions/3.14/lib/python3.14/site-packages/flask/app.py", line 917, in full_dispatch_request
    rv = self.dispatch_request()
  File "/Library/Frameworks/Python.framework/Versions/3.14/lib/python3.14/site-packages/flask/app.py", line 902, in dispatch_request
    return self.ensure_sync(self.view_functions[rule.endpoint])(**view_args)  # type: ignore[no-any-return]
           ~~~~~~~~~~~~~~~~~~~~~~~~~~~~~~~~~~~~~~~~~~~~~~~~~~~~^^^^^^^^^^^^^
  File "/Users/macbook/.gemini/antigravity/scratch/PETWEB.FINDER/backend/app.py", line 94, in add_to_cart
    existing = CartItem.query.filter_by(product_id=product_id).first()
  File "/Library/Frameworks/Python.framework/Versions/3.14/lib/python3.14/site-packages/sqlalchemy/orm/query.py", line 2759, in first
    return self.limit(1)._iter().first()  # type: ignore
           ~~~~~~~~~~~~~~~~~~~^^
  File "/Library/Frameworks/Python.framework/Versions/3.14/lib/python3.14/site-packages/sqlalchemy/orm/query.py", line 2857, in _iter
    result: Union[ScalarResult[_T], Result[_T]] = self.session.execute(
    
  File "/Library/Frameworks/Python.framework/Versions/3.14/lib/python3.14/site-packages/sqlalchemy/orm/session.py", line 2351, in execute
    return self._execute_internal(
    
  File "/Library/Frameworks/Python.framework/Versions/3.14/lib/python3.14/site-packages/sqlalchemy/orm/session.py", line 2249, in _execute_internal
    result: Result[Any] = compile_state_cls.orm_execute_statement(
    
  File "/Library/Frameworks/Python.framework/Versions/3.14/lib/python3.14/site-packages/sqlalchemy/orm/context.py", line 306, in orm_execute_statement
    result = conn.execute(
    
  File "/Library/Frameworks/Python.framework/Versions/3.14/lib/python3.14/site-packages/sqlalchemy/engine/base.py", line 1419, in execute
    return meth(
    
  File "/Library/Frameworks/Python.framework/Versions/3.14/lib/python3.14/site-packages/sqlalchemy/sql/elements.py", line 527, in _execute_on_connection
    return connection._execute_clauseelement(
    
  File "/Library/Frameworks/Python.framework/Versions/3.14/lib/python3.14/site-packages/sqlalchemy/engine/base.py", line 1641, in _execute_clauseelement
    ret = self._execute_context(
    
  File "/Library/Frameworks/Python.framework/Versions/3.14/lib/python3.14/site-packages/sqlalchemy/engine/base.py", line 1846, in _execute_context
    return self._exec_single_context(
    
  File "/Library/Frameworks/Python.framework/Versions/3.14/lib/python3.14/site-packages/sqlalchemy/engine/base.py", line 1986, in _exec_single_context
    self._handle_dbapi_exception(
    ^
  File "/Library/Frameworks/Python.framework/Versions/3.14/lib/python3.14/site-packages/sqlalchemy/engine/base.py", line 2363, in _handle_dbapi_exception
    raise sqlalchemy_exception.with_traceback(exc_info[2]) from e
  File "/Library/Frameworks/Python.framework/Versions/3.14/lib/python3.14/site-packages/sqlalchemy/engine/base.py", line 1967, in _exec_single_context
    self.dialect.do_execute(
    ^
  File "/Library/Frameworks/Python.framework/Versions/3.14/lib/python3.14/site-packages/sqlalchemy/engine/default.py", line 952, in do_execute
    cursor.execute(statement, parameters)
    ~~~~~~~~~~~~~~^^^^^^^^^^^^^^^^^^^^^^^
sqlalchemy.exc.OperationalError: (sqlite3.OperationalError) no such column: cart_item.quantity
[SQL: SELECT cart_item.id AS cart_item_id, cart_item.product_id AS cart_item_product_id, cart_item.quantity AS cart_item_quantity, cart_item.added_at AS cart_item_added_at 
FROM cart_item 
WHERE cart_item.product_id = ?
 LIMIT ? OFFSET ?]
[parameters: (2, 1, 0)]
(Background on this error at: https://sqlalche.me/e/20/e3q8)
 * Detected change in '/Users/macbook/.gemini/antigravity/scratch/PETWEB.FINDER/backend/app.py', reloading
 * Restarting with stat
 * Debugger is active!
 * Debugger PIN: 633-624-332
127.0.0.1 - - [22/Apr/2026 23:14:14] "GET /api/market-pulse HTTP/1.1" 200 -
127.0.0.1 - - [22/Apr/2026 23:14:14] "GET /api/countries HTTP/1.1" 200 -
127.0.0.1 - - [22/Apr/2026 23:14:14] "[35m[1mGET /api/cart HTTP/1.1[0m" 500 -
Traceback (most recent call last):
  File "/Library/Frameworks/Python.framework/Versions/3.14/lib/python3.14/site-packages/sqlalchemy/engine/base.py", line 1967, in _exec_single_context
    self.dialect.do_execute(
    ^
  File "/Library/Frameworks/Python.framework/Versions/3.14/lib/python3.14/site-packages/sqlalchemy/engine/default.py", line 952, in do_execute
    cursor.execute(statement, parameters)
    ~~~~~~~~~~~~~~^^^^^^^^^^^^^^^^^^^^^^^
sqlite3.OperationalError: no such column: cart_item.quantity

The above exception was the direct cause of the following exception:

Traceback (most recent call last):
  File "/Library/Frameworks/Python.framework/Versions/3.14/lib/python3.14/site-packages/flask/app.py", line 1536, in __call__
    return self.wsgi_app(environ, start_response)
           ~~~~~~~~~~~~~^^^^^^^^^^^^^^^^^^^^^^^^^
  File "/Library/Frameworks/Python.framework/Versions/3.14/lib/python3.14/site-packages/flask/app.py", line 1514, in wsgi_app
    response = self.handle_exception(e)
  File "/Library/Frameworks/Python.framework/Versions/3.14/lib/python3.14/site-packages/flask_cors/extension.py", line 176, in wrapped_function
    return cors_after_request(app.make_response(f(*args, **kwargs)))
                                                ~^^^^^^^^^^^^^^^^^
  File "/Library/Frameworks/Python.framework/Versions/3.14/lib/python3.14/site-packages/flask/app.py", line 1511, in wsgi_app
    response = self.full_dispatch_request()
  File "/Library/Frameworks/Python.framework/Versions/3.14/lib/python3.14/site-packages/flask/app.py", line 919, in full_dispatch_request
    rv = self.handle_user_exception(e)
  File "/Library/Frameworks/Python.framework/Versions/3.14/lib/python3.14/site-packages/flask_cors/extension.py", line 176, in wrapped_function
    return cors_after_request(app.make_response(f(*args, **kwargs)))
                                                ~^^^^^^^^^^^^^^^^^
  File "/Library/Frameworks/Python.framework/Versions/3.14/lib/python3.14/site-packages/flask/app.py", line 917, in full_dispatch_request
    rv = self.dispatch_request()
  File "/Library/Frameworks/Python.framework/Versions/3.14/lib/python3.14/site-packages/flask/app.py", line 902, in dispatch_request
    return self.ensure_sync(self.view_functions[rule.endpoint])(**view_args)  # type: ignore[no-any-return]
           ~~~~~~~~~~~~~~~~~~~~~~~~~~~~~~~~~~~~~~~~~~~~~~~~~~~~^^^^^^^^^^^^^
  File "/Users/macbook/.gemini/antigravity/scratch/PETWEB.FINDER/backend/app.py", line 82, in get_cart
    items = CartItem.query.order_by(CartItem.added_at.desc()).all()
  File "/Library/Frameworks/Python.framework/Versions/3.14/lib/python3.14/site-packages/sqlalchemy/orm/query.py", line 2704, in all
    return self._iter().all()  # type: ignore
           ~~~~~~~~~~^^
  File "/Library/Frameworks/Python.framework/Versions/3.14/lib/python3.14/site-packages/sqlalchemy/orm/query.py", line 2857, in _iter
    result: Union[ScalarResult[_T], Result[_T]] = self.session.execute(
    
  File "/Library/Frameworks/Python.framework/Versions/3.14/lib/python3.14/site-packages/sqlalchemy/orm/session.py", line 2351, in execute
    return self._execute_internal(
    
  File "/Library/Frameworks/Python.framework/Versions/3.14/lib/python3.14/site-packages/sqlalchemy/orm/session.py", line 2249, in _execute_internal
    result: Result[Any] = compile_state_cls.orm_execute_statement(
    
  File "/Library/Frameworks/Python.framework/Versions/3.14/lib/python3.14/site-packages/sqlalchemy/orm/context.py", line 306, in orm_execute_statement
    result = conn.execute(
    
  File "/Library/Frameworks/Python.framework/Versions/3.14/lib/python3.14/site-packages/sqlalchemy/engine/base.py", line 1419, in execute
    return meth(
    
  File "/Library/Frameworks/Python.framework/Versions/3.14/lib/python3.14/site-packages/sqlalchemy/sql/elements.py", line 527, in _execute_on_connection
    return connection._execute_clauseelement(
    
  File "/Library/Frameworks/Python.framework/Versions/3.14/lib/python3.14/site-packages/sqlalchemy/engine/base.py", line 1641, in _execute_clauseelement
    ret = self._execute_context(
    
  File "/Library/Frameworks/Python.framework/Versions/3.14/lib/python3.14/site-packages/sqlalchemy/engine/base.py", line 1846, in _execute_context
    return self._exec_single_context(
    
  File "/Library/Frameworks/Python.framework/Versions/3.14/lib/python3.14/site-packages/sqlalchemy/engine/base.py", line 1986, in _exec_single_context
    self._handle_dbapi_exception(
    ^
  File "/Library/Frameworks/Python.framework/Versions/3.14/lib/python3.14/site-packages/sqlalchemy/engine/base.py", line 2363, in _handle_dbapi_exception
    raise sqlalchemy_exception.with_traceback(exc_info[2]) from e
  File "/Library/Frameworks/Python.framework/Versions/3.14/lib/python3.14/site-packages/sqlalchemy/engine/base.py", line 1967, in _exec_single_context
    self.dialect.do_execute(
    ^
  File "/Library/Frameworks/Python.framework/Versions/3.14/lib/python3.14/site-packages/sqlalchemy/engine/default.py", line 952, in do_execute
    cursor.execute(statement, parameters)
    ~~~~~~~~~~~~~~^^^^^^^^^^^^^^^^^^^^^^^
sqlalchemy.exc.OperationalError: (sqlite3.OperationalError) no such column: cart_item.quantity
[SQL: SELECT cart_item.id AS cart_item_id, cart_item.product_id AS cart_item_product_id, cart_item.quantity AS cart_item_quantity, cart_item.added_at AS cart_item_added_at 
FROM cart_item ORDER BY cart_item.added_at DESC]
(Background on this error at: https://sqlalche.me/e/20/e3q8)
127.0.0.1 - - [22/Apr/2026 23:14:16] "OPTIONS /api/search HTTP/1.1" 200 -
/Users/macbook/.gemini/antigravity/scratch/PETWEB.FINDER/backend/app.py:64: LegacyAPIWarning: The Query.get() method is considered legacy as of the 1.x series of SQLAlchemy and becomes a legacy construct in 2.0. The method is now available as Session.get() (deprecated since: 2.0) (Background on SQLAlchemy 2.0 at: https://sqlalche.me/e/b8d9)
  vendor = Vendor.query.get(p.vendor_id)
127.0.0.1 - - [22/Apr/2026 23:14:16] "POST /api/search HTTP/1.1" 200 -
127.0.0.1 - - [22/Apr/2026 23:14:21] "OPTIONS /api/cart HTTP/1.1" 200 -
127.0.0.1 - - [22/Apr/2026 23:14:21] "[35m[1mPOST /api/cart HTTP/1.1[0m" 500 -
Traceback (most recent call last):
  File "/Library/Frameworks/Python.framework/Versions/3.14/lib/python3.14/site-packages/sqlalchemy/engine/base.py", line 1967, in _exec_single_context
    self.dialect.do_execute(
    ^
  File "/Library/Frameworks/Python.framework/Versions/3.14/lib/python3.14/site-packages/sqlalchemy/engine/default.py", line 952, in do_execute
    cursor.execute(statement, parameters)
    ~~~~~~~~~~~~~~^^^^^^^^^^^^^^^^^^^^^^^
sqlite3.OperationalError: no such column: cart_item.quantity

The above exception was the direct cause of the following exception:

Traceback (most recent call last):
  File "/Library/Frameworks/Python.framework/Versions/3.14/lib/python3.14/site-packages/flask/app.py", line 1536, in __call__
    return self.wsgi_app(environ, start_response)
           ~~~~~~~~~~~~~^^^^^^^^^^^^^^^^^^^^^^^^^
  File "/Library/Frameworks/Python.framework/Versions/3.14/lib/python3.14/site-packages/flask/app.py", line 1514, in wsgi_app
    response = self.handle_exception(e)
  File "/Library/Frameworks/Python.framework/Versions/3.14/lib/python3.14/site-packages/flask_cors/extension.py", line 176, in wrapped_function
    return cors_after_request(app.make_response(f(*args, **kwargs)))
                                                ~^^^^^^^^^^^^^^^^^
  File "/Library/Frameworks/Python.framework/Versions/3.14/lib/python3.14/site-packages/flask/app.py", line 1511, in wsgi_app
    response = self.full_dispatch_request()
  File "/Library/Frameworks/Python.framework/Versions/3.14/lib/python3.14/site-packages/flask/app.py", line 919, in full_dispatch_request
    rv = self.handle_user_exception(e)
  File "/Library/Frameworks/Python.framework/Versions/3.14/lib/python3.14/site-packages/flask_cors/extension.py", line 176, in wrapped_function
    return cors_after_request(app.make_response(f(*args, **kwargs)))
                                                ~^^^^^^^^^^^^^^^^^
  File "/Library/Frameworks/Python.framework/Versions/3.14/lib/python3.14/site-packages/flask/app.py", line 917, in full_dispatch_request
    rv = self.dispatch_request()
  File "/Library/Frameworks/Python.framework/Versions/3.14/lib/python3.14/site-packages/flask/app.py", line 902, in dispatch_request
    return self.ensure_sync(self.view_functions[rule.endpoint])(**view_args)  # type: ignore[no-any-return]
           ~~~~~~~~~~~~~~~~~~~~~~~~~~~~~~~~~~~~~~~~~~~~~~~~~~~~^^^^^^^^^^^^^
  File "/Users/macbook/.gemini/antigravity/scratch/PETWEB.FINDER/backend/app.py", line 94, in add_to_cart
    existing = CartItem.query.filter_by(product_id=product_id).first()
  File "/Library/Frameworks/Python.framework/Versions/3.14/lib/python3.14/site-packages/sqlalchemy/orm/query.py", line 2759, in first
    return self.limit(1)._iter().first()  # type: ignore
           ~~~~~~~~~~~~~~~~~~~^^
  File "/Library/Frameworks/Python.framework/Versions/3.14/lib/python3.14/site-packages/sqlalchemy/orm/query.py", line 2857, in _iter
    result: Union[ScalarResult[_T], Result[_T]] = self.session.execute(
    
  File "/Library/Frameworks/Python.framework/Versions/3.14/lib/python3.14/site-packages/sqlalchemy/orm/session.py", line 2351, in execute
    return self._execute_internal(
    
  File "/Library/Frameworks/Python.framework/Versions/3.14/lib/python3.14/site-packages/sqlalchemy/orm/session.py", line 2249, in _execute_internal
    result: Result[Any] = compile_state_cls.orm_execute_statement(
    
  File "/Library/Frameworks/Python.framework/Versions/3.14/lib/python3.14/site-packages/sqlalchemy/orm/context.py", line 306, in orm_execute_statement
    result = conn.execute(
    
  File "/Library/Frameworks/Python.framework/Versions/3.14/lib/python3.14/site-packages/sqlalchemy/engine/base.py", line 1419, in execute
    return meth(
    
  File "/Library/Frameworks/Python.framework/Versions/3.14/lib/python3.14/site-packages/sqlalchemy/sql/elements.py", line 527, in _execute_on_connection
    return connection._execute_clauseelement(
    
  File "/Library/Frameworks/Python.framework/Versions/3.14/lib/python3.14/site-packages/sqlalchemy/engine/base.py", line 1641, in _execute_clauseelement
    ret = self._execute_context(
    
  File "/Library/Frameworks/Python.framework/Versions/3.14/lib/python3.14/site-packages/sqlalchemy/engine/base.py", line 1846, in _execute_context
    return self._exec_single_context(
    
  File "/Library/Frameworks/Python.framework/Versions/3.14/lib/python3.14/site-packages/sqlalchemy/engine/base.py", line 1986, in _exec_single_context
    self._handle_dbapi_exception(
    ^
  File "/Library/Frameworks/Python.framework/Versions/3.14/lib/python3.14/site-packages/sqlalchemy/engine/base.py", line 2363, in _handle_dbapi_exception
    raise sqlalchemy_exception.with_traceback(exc_info[2]) from e
  File "/Library/Frameworks/Python.framework/Versions/3.14/lib/python3.14/site-packages/sqlalchemy/engine/base.py", line 1967, in _exec_single_context
    self.dialect.do_execute(
    ^
  File "/Library/Frameworks/Python.framework/Versions/3.14/lib/python3.14/site-packages/sqlalchemy/engine/default.py", line 952, in do_execute
    cursor.execute(statement, parameters)
    ~~~~~~~~~~~~~~^^^^^^^^^^^^^^^^^^^^^^^
sqlalchemy.exc.OperationalError: (sqlite3.OperationalError) no such column: cart_item.quantity
[SQL: SELECT cart_item.id AS cart_item_id, cart_item.product_id AS cart_item_product_id, cart_item.quantity AS cart_item_quantity, cart_item.added_at AS cart_item_added_at 
FROM cart_item 
WHERE cart_item.product_id = ?
 LIMIT ? OFFSET ?]
[parameters: (2, 1, 0)]
(Background on this error at: https://sqlalche.me/e/20/e3q8)
127.0.0.1 - - [22/Apr/2026 23:14:27] "GET /api/market-pulse HTTP/1.1" 200 -
127.0.0.1 - - [22/Apr/2026 23:14:27] "GET /api/countries HTTP/1.1" 200 -
127.0.0.1 - - [22/Apr/2026 23:14:27] "[35m[1mGET /api/cart HTTP/1.1[0m" 500 -
Traceback (most recent call last):
  File "/Library/Frameworks/Python.framework/Versions/3.14/lib/python3.14/site-packages/sqlalchemy/engine/base.py", line 1967, in _exec_single_context
    self.dialect.do_execute(
    ^
  File "/Library/Frameworks/Python.framework/Versions/3.14/lib/python3.14/site-packages/sqlalchemy/engine/default.py", line 952, in do_execute
    cursor.execute(statement, parameters)
    ~~~~~~~~~~~~~~^^^^^^^^^^^^^^^^^^^^^^^
sqlite3.OperationalError: no such column: cart_item.quantity

The above exception was the direct cause of the following exception:

Traceback (most recent call last):
  File "/Library/Frameworks/Python.framework/Versions/3.14/lib/python3.14/site-packages/flask/app.py", line 1536, in __call__
    return self.wsgi_app(environ, start_response)
           ~~~~~~~~~~~~~^^^^^^^^^^^^^^^^^^^^^^^^^
  File "/Library/Frameworks/Python.framework/Versions/3.14/lib/python3.14/site-packages/flask/app.py", line 1514, in wsgi_app
    response = self.handle_exception(e)
  File "/Library/Frameworks/Python.framework/Versions/3.14/lib/python3.14/site-packages/flask_cors/extension.py", line 176, in wrapped_function
    return cors_after_request(app.make_response(f(*args, **kwargs)))
                                                ~^^^^^^^^^^^^^^^^^
  File "/Library/Frameworks/Python.framework/Versions/3.14/lib/python3.14/site-packages/flask/app.py", line 1511, in wsgi_app
    response = self.full_dispatch_request()
  File "/Library/Frameworks/Python.framework/Versions/3.14/lib/python3.14/site-packages/flask/app.py", line 919, in full_dispatch_request
    rv = self.handle_user_exception(e)
  File "/Library/Frameworks/Python.framework/Versions/3.14/lib/python3.14/site-packages/flask_cors/extension.py", line 176, in wrapped_function
    return cors_after_request(app.make_response(f(*args, **kwargs)))
                                                ~^^^^^^^^^^^^^^^^^
  File "/Library/Frameworks/Python.framework/Versions/3.14/lib/python3.14/site-packages/flask/app.py", line 917, in full_dispatch_request
    rv = self.dispatch_request()
  File "/Library/Frameworks/Python.framework/Versions/3.14/lib/python3.14/site-packages/flask/app.py", line 902, in dispatch_request
    return self.ensure_sync(self.view_functions[rule.endpoint])(**view_args)  # type: ignore[no-any-return]
           ~~~~~~~~~~~~~~~~~~~~~~~~~~~~~~~~~~~~~~~~~~~~~~~~~~~~^^^^^^^^^^^^^
  File "/Users/macbook/.gemini/antigravity/scratch/PETWEB.FINDER/backend/app.py", line 82, in get_cart
    items = CartItem.query.order_by(CartItem.added_at.desc()).all()
  File "/Library/Frameworks/Python.framework/Versions/3.14/lib/python3.14/site-packages/sqlalchemy/orm/query.py", line 2704, in all
    return self._iter().all()  # type: ignore
           ~~~~~~~~~~^^
  File "/Library/Frameworks/Python.framework/Versions/3.14/lib/python3.14/site-packages/sqlalchemy/orm/query.py", line 2857, in _iter
    result: Union[ScalarResult[_T], Result[_T]] = self.session.execute(
    
  File "/Library/Frameworks/Python.framework/Versions/3.14/lib/python3.14/site-packages/sqlalchemy/orm/session.py", line 2351, in execute
    return self._execute_internal(
    
  File "/Library/Frameworks/Python.framework/Versions/3.14/lib/python3.14/site-packages/sqlalchemy/orm/session.py", line 2249, in _execute_internal
    result: Result[Any] = compile_state_cls.orm_execute_statement(
    
  File "/Library/Frameworks/Python.framework/Versions/3.14/lib/python3.14/site-packages/sqlalchemy/orm/context.py", line 306, in orm_execute_statement
    result = conn.execute(
    
  File "/Library/Frameworks/Python.framework/Versions/3.14/lib/python3.14/site-packages/sqlalchemy/engine/base.py", line 1419, in execute
    return meth(
    
  File "/Library/Frameworks/Python.framework/Versions/3.14/lib/python3.14/site-packages/sqlalchemy/sql/elements.py", line 527, in _execute_on_connection
    return connection._execute_clauseelement(
    
  File "/Library/Frameworks/Python.framework/Versions/3.14/lib/python3.14/site-packages/sqlalchemy/engine/base.py", line 1641, in _execute_clauseelement
    ret = self._execute_context(
    
  File "/Library/Frameworks/Python.framework/Versions/3.14/lib/python3.14/site-packages/sqlalchemy/engine/base.py", line 1846, in _execute_context
    return self._exec_single_context(
    
  File "/Library/Frameworks/Python.framework/Versions/3.14/lib/python3.14/site-packages/sqlalchemy/engine/base.py", line 1986, in _exec_single_context
    self._handle_dbapi_exception(
    ^
  File "/Library/Frameworks/Python.framework/Versions/3.14/lib/python3.14/site-packages/sqlalchemy/engine/base.py", line 2363, in _handle_dbapi_exception
    raise sqlalchemy_exception.with_traceback(exc_info[2]) from e
  File "/Library/Frameworks/Python.framework/Versions/3.14/lib/python3.14/site-packages/sqlalchemy/engine/base.py", line 1967, in _exec_single_context
    self.dialect.do_execute(
    ^
  File "/Library/Frameworks/Python.framework/Versions/3.14/lib/python3.14/site-packages/sqlalchemy/engine/default.py", line 952, in do_execute
    cursor.execute(statement, parameters)
    ~~~~~~~~~~~~~~^^^^^^^^^^^^^^^^^^^^^^^
sqlalchemy.exc.OperationalError: (sqlite3.OperationalError) no such column: cart_item.quantity
[SQL: SELECT cart_item.id AS cart_item_id, cart_item.product_id AS cart_item_product_id, cart_item.quantity AS cart_item_quantity, cart_item.added_at AS cart_item_added_at 
FROM cart_item ORDER BY cart_item.added_at DESC]
(Background on this error at: https://sqlalche.me/e/20/e3q8)
127.0.0.1 - - [22/Apr/2026 23:14:28] "OPTIONS /api/search HTTP/1.1" 200 -
127.0.0.1 - - [22/Apr/2026 23:14:28] "POST /api/search HTTP/1.1" 200 -
127.0.0.1 - - [22/Apr/2026 23:14:33] "OPTIONS /api/cart HTTP/1.1" 200 -
127.0.0.1 - - [22/Apr/2026 23:14:33] "[35m[1mPOST /api/cart HTTP/1.1[0m" 500 -
Traceback (most recent call last):
  File "/Library/Frameworks/Python.framework/Versions/3.14/lib/python3.14/site-packages/sqlalchemy/engine/base.py", line 1967, in _exec_single_context
    self.dialect.do_execute(
    ^
  File "/Library/Frameworks/Python.framework/Versions/3.14/lib/python3.14/site-packages/sqlalchemy/engine/default.py", line 952, in do_execute
    cursor.execute(statement, parameters)
    ~~~~~~~~~~~~~~^^^^^^^^^^^^^^^^^^^^^^^
sqlite3.OperationalError: no such column: cart_item.quantity

The above exception was the direct cause of the following exception:

Traceback (most recent call last):
  File "/Library/Frameworks/Python.framework/Versions/3.14/lib/python3.14/site-packages/flask/app.py", line 1536, in __call__
    return self.wsgi_app(environ, start_response)
           ~~~~~~~~~~~~~^^^^^^^^^^^^^^^^^^^^^^^^^
  File "/Library/Frameworks/Python.framework/Versions/3.14/lib/python3.14/site-packages/flask/app.py", line 1514, in wsgi_app
    response = self.handle_exception(e)
  File "/Library/Frameworks/Python.framework/Versions/3.14/lib/python3.14/site-packages/flask_cors/extension.py", line 176, in wrapped_function
    return cors_after_request(app.make_response(f(*args, **kwargs)))
                                                ~^^^^^^^^^^^^^^^^^
  File "/Library/Frameworks/Python.framework/Versions/3.14/lib/python3.14/site-packages/flask/app.py", line 1511, in wsgi_app
    response = self.full_dispatch_request()
  File "/Library/Frameworks/Python.framework/Versions/3.14/lib/python3.14/site-packages/flask/app.py", line 919, in full_dispatch_request
    rv = self.handle_user_exception(e)
  File "/Library/Frameworks/Python.framework/Versions/3.14/lib/python3.14/site-packages/flask_cors/extension.py", line 176, in wrapped_function
    return cors_after_request(app.make_response(f(*args, **kwargs)))
                                                ~^^^^^^^^^^^^^^^^^
  File "/Library/Frameworks/Python.framework/Versions/3.14/lib/python3.14/site-packages/flask/app.py", line 917, in full_dispatch_request
    rv = self.dispatch_request()
  File "/Library/Frameworks/Python.framework/Versions/3.14/lib/python3.14/site-packages/flask/app.py", line 902, in dispatch_request
    return self.ensure_sync(self.view_functions[rule.endpoint])(**view_args)  # type: ignore[no-any-return]
           ~~~~~~~~~~~~~~~~~~~~~~~~~~~~~~~~~~~~~~~~~~~~~~~~~~~~^^^^^^^^^^^^^
  File "/Users/macbook/.gemini/antigravity/scratch/PETWEB.FINDER/backend/app.py", line 94, in add_to_cart
    existing = CartItem.query.filter_by(product_id=product_id).first()
  File "/Library/Frameworks/Python.framework/Versions/3.14/lib/python3.14/site-packages/sqlalchemy/orm/query.py", line 2759, in first
    return self.limit(1)._iter().first()  # type: ignore
           ~~~~~~~~~~~~~~~~~~~^^
  File "/Library/Frameworks/Python.framework/Versions/3.14/lib/python3.14/site-packages/sqlalchemy/orm/query.py", line 2857, in _iter
    result: Union[ScalarResult[_T], Result[_T]] = self.session.execute(
    
  File "/Library/Frameworks/Python.framework/Versions/3.14/lib/python3.14/site-packages/sqlalchemy/orm/session.py", line 2351, in execute
    return self._execute_internal(
    
  File "/Library/Frameworks/Python.framework/Versions/3.14/lib/python3.14/site-packages/sqlalchemy/orm/session.py", line 2249, in _execute_internal
    result: Result[Any] = compile_state_cls.orm_execute_statement(
    
  File "/Library/Frameworks/Python.framework/Versions/3.14/lib/python3.14/site-packages/sqlalchemy/orm/context.py", line 306, in orm_execute_statement
    result = conn.execute(
    
  File "/Library/Frameworks/Python.framework/Versions/3.14/lib/python3.14/site-packages/sqlalchemy/engine/base.py", line 1419, in execute
    return meth(
    
  File "/Library/Frameworks/Python.framework/Versions/3.14/lib/python3.14/site-packages/sqlalchemy/sql/elements.py", line 527, in _execute_on_connection
    return connection._execute_clauseelement(
    
  File "/Library/Frameworks/Python.framework/Versions/3.14/lib/python3.14/site-packages/sqlalchemy/engine/base.py", line 1641, in _execute_clauseelement
    ret = self._execute_context(
    
  File "/Library/Frameworks/Python.framework/Versions/3.14/lib/python3.14/site-packages/sqlalchemy/engine/base.py", line 1846, in _execute_context
    return self._exec_single_context(
    
  File "/Library/Frameworks/Python.framework/Versions/3.14/lib/python3.14/site-packages/sqlalchemy/engine/base.py", line 1986, in _exec_single_context
    self._handle_dbapi_exception(
    ^
  File "/Library/Frameworks/Python.framework/Versions/3.14/lib/python3.14/site-packages/sqlalchemy/engine/base.py", line 2363, in _handle_dbapi_exception
    raise sqlalchemy_exception.with_traceback(exc_info[2]) from e
  File "/Library/Frameworks/Python.framework/Versions/3.14/lib/python3.14/site-packages/sqlalchemy/engine/base.py", line 1967, in _exec_single_context
    self.dialect.do_execute(
    ^
  File "/Library/Frameworks/Python.framework/Versions/3.14/lib/python3.14/site-packages/sqlalchemy/engine/default.py", line 952, in do_execute
    cursor.execute(statement, parameters)
    ~~~~~~~~~~~~~~^^^^^^^^^^^^^^^^^^^^^^^
sqlalchemy.exc.OperationalError: (sqlite3.OperationalError) no such column: cart_item.quantity
[SQL: SELECT cart_item.id AS cart_item_id, cart_item.product_id AS cart_item_product_id, cart_item.quantity AS cart_item_quantity, cart_item.added_at AS cart_item_added_at 
FROM cart_item 
WHERE cart_item.product_id = ?
 LIMIT ? OFFSET ?]
[parameters: (2, 1, 0)]
(Background on this error at: https://sqlalche.me/e/20/e3q8)
127.0.0.1 - - [22/Apr/2026 23:15:44] "[35m[1mPOST /api/cart HTTP/1.1[0m" 500 -
Traceback (most recent call last):
  File "/Library/Frameworks/Python.framework/Versions/3.14/lib/python3.14/site-packages/sqlalchemy/engine/base.py", line 1967, in _exec_single_context
    self.dialect.do_execute(
    ^
  File "/Library/Frameworks/Python.framework/Versions/3.14/lib/python3.14/site-packages/sqlalchemy/engine/default.py", line 952, in do_execute
    cursor.execute(statement, parameters)
    ~~~~~~~~~~~~~~^^^^^^^^^^^^^^^^^^^^^^^
sqlite3.OperationalError: no such column: cart_item.quantity

The above exception was the direct cause of the following exception:

Traceback (most recent call last):
  File "/Library/Frameworks/Python.framework/Versions/3.14/lib/python3.14/site-packages/flask/app.py", line 1536, in __call__
    return self.wsgi_app(environ, start_response)
           ~~~~~~~~~~~~~^^^^^^^^^^^^^^^^^^^^^^^^^
  File "/Library/Frameworks/Python.framework/Versions/3.14/lib/python3.14/site-packages/flask/app.py", line 1514, in wsgi_app
    response = self.handle_exception(e)
  File "/Library/Frameworks/Python.framework/Versions/3.14/lib/python3.14/site-packages/flask_cors/extension.py", line 176, in wrapped_function
    return cors_after_request(app.make_response(f(*args, **kwargs)))
                                                ~^^^^^^^^^^^^^^^^^
  File "/Library/Frameworks/Python.framework/Versions/3.14/lib/python3.14/site-packages/flask/app.py", line 1511, in wsgi_app
    response = self.full_dispatch_request()
  File "/Library/Frameworks/Python.framework/Versions/3.14/lib/python3.14/site-packages/flask/app.py", line 919, in full_dispatch_request
    rv = self.handle_user_exception(e)
  File "/Library/Frameworks/Python.framework/Versions/3.14/lib/python3.14/site-packages/flask_cors/extension.py", line 176, in wrapped_function
    return cors_after_request(app.make_response(f(*args, **kwargs)))
                                                ~^^^^^^^^^^^^^^^^^
  File "/Library/Frameworks/Python.framework/Versions/3.14/lib/python3.14/site-packages/flask/app.py", line 917, in full_dispatch_request
    rv = self.dispatch_request()
  File "/Library/Frameworks/Python.framework/Versions/3.14/lib/python3.14/site-packages/flask/app.py", line 902, in dispatch_request
    return self.ensure_sync(self.view_functions[rule.endpoint])(**view_args)  # type: ignore[no-any-return]
           ~~~~~~~~~~~~~~~~~~~~~~~~~~~~~~~~~~~~~~~~~~~~~~~~~~~~^^^^^^^^^^^^^
  File "/Users/macbook/.gemini/antigravity/scratch/PETWEB.FINDER/backend/app.py", line 94, in add_to_cart
    existing = CartItem.query.filter_by(product_id=product_id).first()
  File "/Library/Frameworks/Python.framework/Versions/3.14/lib/python3.14/site-packages/sqlalchemy/orm/query.py", line 2759, in first
    return self.limit(1)._iter().first()  # type: ignore
           ~~~~~~~~~~~~~~~~~~~^^
  File "/Library/Frameworks/Python.framework/Versions/3.14/lib/python3.14/site-packages/sqlalchemy/orm/query.py", line 2857, in _iter
    result: Union[ScalarResult[_T], Result[_T]] = self.session.execute(
    
  File "/Library/Frameworks/Python.framework/Versions/3.14/lib/python3.14/site-packages/sqlalchemy/orm/session.py", line 2351, in execute
    return self._execute_internal(
    
  File "/Library/Frameworks/Python.framework/Versions/3.14/lib/python3.14/site-packages/sqlalchemy/orm/session.py", line 2249, in _execute_internal
    result: Result[Any] = compile_state_cls.orm_execute_statement(
    
  File "/Library/Frameworks/Python.framework/Versions/3.14/lib/python3.14/site-packages/sqlalchemy/orm/context.py", line 306, in orm_execute_statement
    result = conn.execute(
    
  File "/Library/Frameworks/Python.framework/Versions/3.14/lib/python3.14/site-packages/sqlalchemy/engine/base.py", line 1419, in execute
    return meth(
    
  File "/Library/Frameworks/Python.framework/Versions/3.14/lib/python3.14/site-packages/sqlalchemy/sql/elements.py", line 527, in _execute_on_connection
    return connection._execute_clauseelement(
    
  File "/Library/Frameworks/Python.framework/Versions/3.14/lib/python3.14/site-packages/sqlalchemy/engine/base.py", line 1641, in _execute_clauseelement
    ret = self._execute_context(
    
  File "/Library/Frameworks/Python.framework/Versions/3.14/lib/python3.14/site-packages/sqlalchemy/engine/base.py", line 1846, in _execute_context
    return self._exec_single_context(
    
  File "/Library/Frameworks/Python.framework/Versions/3.14/lib/python3.14/site-packages/sqlalchemy/engine/base.py", line 1986, in _exec_single_context
    self._handle_dbapi_exception(
    ^
  File "/Library/Frameworks/Python.framework/Versions/3.14/lib/python3.14/site-packages/sqlalchemy/engine/base.py", line 2363, in _handle_dbapi_exception
    raise sqlalchemy_exception.with_traceback(exc_info[2]) from e
  File "/Library/Frameworks/Python.framework/Versions/3.14/lib/python3.14/site-packages/sqlalchemy/engine/base.py", line 1967, in _exec_single_context
    self.dialect.do_execute(
    ^
  File "/Library/Frameworks/Python.framework/Versions/3.14/lib/python3.14/site-packages/sqlalchemy/engine/default.py", line 952, in do_execute
    cursor.execute(statement, parameters)
    ~~~~~~~~~~~~~~^^^^^^^^^^^^^^^^^^^^^^^
sqlalchemy.exc.OperationalError: (sqlite3.OperationalError) no such column: cart_item.quantity
[SQL: SELECT cart_item.id AS cart_item_id, cart_item.product_id AS cart_item_product_id, cart_item.quantity AS cart_item_quantity, cart_item.added_at AS cart_item_added_at 
FROM cart_item 
WHERE cart_item.product_id = ?
 LIMIT ? OFFSET ?]
[parameters: (1, 1, 0)]
(Background on this error at: https://sqlalche.me/e/20/e3q8)
/Library/Frameworks/Python.framework/Versions/3.14/lib/python3.14/multiprocessing/resource_tracker.py:396: UserWarning: resource_tracker: There appear to be 1 leaked semaphore objects to clean up at shutdown: {'/mp-k0rwg4g1'}
  warnings.warn(
/Library/Frameworks/Python.framework/Versions/3.14/lib/python3.14/multiprocessing/resource_tracker.py:396: UserWarning: resource_tracker: There appear to be 1 leaked semaphore objects to clean up at shutdown: {'/mp-ov62paga'}
  warnings.warn(
